asset_age_years,past_failures,current_condition_score,last_maintained_days_ago,traffic_load_trains_per_day,asset_type,observed_urgency_score
1.4,0,94.2,722,211,OHE (Overhead Equipment),21.79
4.7,1,72.5,78,51,S&T (Points/Crossing),23.08
26.1,2,58.3,49,132,OHE (Overhead Equipment),37.87
38.4,4,33.0,510,89,S&T (Points/Crossing),60.62
30.9,1,73.0,80,135,Track (Rail/Ballast),14.68
36.4,2,25.9,6,53,S&T (Points/Crossing),47.45
9.5,4,45.9,211,158,OHE (Overhead Equipment),36.58
10.5,1,81.1,421,111,S&T (Points/Crossing),28.36
14.3,3,31.4,141,187,S&T (Points/Crossing),46.93
18.5,2,43.6,23,54,OHE (Overhead Equipment),22.53
22.4,4,75.3,290,46,OHE (Overhead Equipment),31.04
32.4,2,27.5,686,139,S&T (Points/Crossing),61.32
9.3,2,58.6,420,218,Signal,36.36
25.2,4,59.8,16,66,S&T (Points/Crossing),23.48
29.8,0,33.6,628,153,Signal,66.52
11.3,3,72.1,408,189,Track (Rail/Ballast),37.39
33.5,3,63.3,723,123,Track (Rail/Ballast),56.39
3.4,1,99.0,286,141,S&T (Points/Crossing),12.31
8.1,2,28.1,374,145,S&T (Points/Crossing),40.84
24.5,2,73.3,207,184,Track (Rail/Ballast),29.98
30.8,1,50.9,229,207,OHE (Overhead Equipment),44.06
33.0,2,36.1,638,152,Track (Rail/Ballast),57.78
2.5,4,94.0,76,105,S&T (Points/Crossing),16.09
34.0,3,13.8,702,159,S&T (Points/Crossing),73.39
37.7,3,88.5,495,158,Signal,52.4
33.1,4,58.0,543,190,Signal,53.87
28.2,5,28.0,415,74,Track (Rail/Ballast),58.32
36.6,3,15.1,544,177,S&T (Points/Crossing),74.74
34.4,4,14.5,357,102,S&T (Points/Crossing),57.71
21.5,4,89.2,504,95,S&T (Points/Crossing),31.55
29.9,2,41.0,555,29,S&T (Points/Crossing),50.07
4.3,3,88.7,219,116,OHE (Overhead Equipment),18.44
33.8,1,38.8,319,18,S&T (Points/Crossing),43.22
21.2,0,67.6,616,147,S&T (Points/Crossing),47.65
13.5,5,75.1,488,148,S&T (Points/Crossing),33.66
7.2,3,10.2,576,170,Track (Rail/Ballast),61.71
39.3,1,31.1,78,214,S&T (Points/Crossing),51.69
6.6,6,47.4,9,33,S&T (Points/Crossing),27.68
37.4,2,32.4,180,194,Signal,57.11
25.7,1,92.7,117,119,OHE (Overhead Equipment),19.08
8.7,0,19.1,255,173,OHE (Overhead Equipment),49.65
2.6,1,72.1,363,151,Signal,33.61
30.6,4,31.3,82,42,S&T (Points/Crossing),36.5
11.9,5,11.0,285,202,Track (Rail/Ballast),53.16
20.2,0,48.4,271,54,S&T (Points/Crossing),36.24
29.6,0,49.3,495,144,OHE (Overhead Equipment),50.25
8.3,1,58.2,627,90,OHE (Overhead Equipment),50.86
8.1,3,94.6,30,39,S&T (Points/Crossing),16.97
21.0,3,94.9,700,144,OHE (Overhead Equipment),38.54
10.1,1,83.0,208,128,Track (Rail/Ballast),18.22
34.6,4,90.2,441,132,Track (Rail/Ballast),33.91
14.2,2,91.6,350,60,Track (Rail/Ballast),18.95
24.2,0,82.6,425,215,OHE (Overhead Equipment),39.33
24.3,3,22.6,6,200,S&T (Points/Crossing),48.68
26.1,2,83.3,472,62,Track (Rail/Ballast),43.55
5.6,2,66.5,133,199,Signal,25.52
4.7,1,68.0,39,78,S&T (Points/Crossing),12.82
37.0,1,85.9,720,141,Signal,39.27
23.6,1,59.5,321,30,S&T (Points/Crossing),46.04
21.6,1,59.5,462,185,OHE (Overhead Equipment),51.24
31.5,3,88.5,542,130,Track (Rail/Ballast),49.27
24.2,0,37.2,475,110,Track (Rail/Ballast),51.46
17.2,3,14.5,198,27,Track (Rail/Ballast),37.33
4.5,0,35.8,58,90,OHE (Overhead Equipment),39.47
24.5,2,61.2,104,21,S&T (Points/Crossing),26.8
1.9,4,85.0,323,28,S&T (Points/Crossing),24.5
8.6,0,60.0,216,162,OHE (Overhead Equipment),29.21
35.6,1,93.8,20,91,S&T (Points/Crossing),24.44
23.3,2,42.4,381,175,Signal,48.48
13.8,3,26.4,126,30,Signal,28.42
29.8,2,66.1,406,44,Track (Rail/Ballast),34.96
22.3,1,24.6,113,106,Track (Rail/Ballast),26.23
36.9,3,43.4,316,180,OHE (Overhead Equipment),49.76
14.2,1,65.3,384,154,Signal,36.41
8.8,2,56.5,585,155,Signal,53.34
19.6,2,36.1,73,45,Track (Rail/Ballast),37.79
20.7,2,79.1,298,101,OHE (Overhead Equipment),31.73
37.8,3,26.1,468,48,Track (Rail/Ballast),67.1
5.5,3,80.0,386,44,S&T (Points/Crossing),24.58
37.8,2,31.5,269,167,Track (Rail/Ballast),57.61
7.9,0,37.3,353,214,Track (Rail/Ballast),37.77
39.6,2,80.6,320,35,S&T (Points/Crossing),24.17
8.6,1,36.7,635,100,Signal,49.86
37.8,1,49.1,439,101,Track (Rail/Ballast),59.02
28.2,1,62.8,592,196,Signal,52.71
22.3,1,45.7,152,18,OHE (Overhead Equipment),34.79
26.6,2,74.9,509,172,Signal,44.36
20.2,2,39.8,302,149,S&T (Points/Crossing),42.63
17.3,3,25.3,524,34,Signal,47.34
6.9,1,42.6,344,133,Signal,45.49
21.7,2,14.6,80,205,Signal,64.46
8.2,2,75.3,255,95,Track (Rail/Ballast),33.7
39.7,1,51.6,641,21,Signal,56.36
4.7,1,63.8,81,186,OHE (Overhead Equipment),34.44
17.5,2,30.8,585,218,OHE (Overhead Equipment),66.47
32.4,2,11.6,681,89,OHE (Overhead Equipment),63.78
27.0,3,14.9,400,209,OHE (Overhead Equipment),72.47
8.3,1,68.4,131,120,Track (Rail/Ballast),29.43
15.6,1,57.8,136,125,Signal,26.25
20.4,1,52.6,315,76,Track (Rail/Ballast),28.14
0.8,0,71.3,620,193,Signal,32.45
26.1,1,92.5,606,69,Signal,38.41
6.8,2,38.5,292,163,S&T (Points/Crossing),37.38
20.6,5,42.2,214,115,S&T (Points/Crossing),48.83
25.6,4,33.4,581,204,OHE (Overhead Equipment),59.19
20.0,2,16.1,209,199,Signal,50.97
14.2,1,34.3,399,127,Signal,46.94
34.0,2,43.3,170,173,Track (Rail/Ballast),48.88
32.4,1,52.6,483,111,Signal,57.88
14.2,2,23.0,405,139,Track (Rail/Ballast),61.26
21.7,4,89.5,71,74,Track (Rail/Ballast),20.95
18.6,0,57.1,608,27,S&T (Points/Crossing),38.93
10.8,2,66.4,218,174,OHE (Overhead Equipment),39.45
25.5,2,58.9,245,148,S&T (Points/Crossing),44.04
21.7,2,50.6,22,72,S&T (Points/Crossing),36.44
11.1,1,62.0,589,74,Signal,41.33
9.9,3,38.5,494,151,OHE (Overhead Equipment),69.03
1.9,0,66.5,454,195,Signal,45.03
34.1,0,75.5,719,161,OHE (Overhead Equipment),49.87
18.3,3,97.8,267,170,Signal,36.22
22.6,1,47.7,621,43,Signal,49.95
11.9,2,62.3,601,49,Signal,38.59
0.7,5,49.9,213,79,S&T (Points/Crossing),37.14
35.0,2,51.5,366,211,OHE (Overhead Equipment),53.6
26.9,1,10.8,723,22,OHE (Overhead Equipment),61.05
15.1,0,11.5,290,77,Track (Rail/Ballast),51.2
4.5,1,93.8,97,48,Signal,9.17
33.6,4,80.7,301,109,S&T (Points/Crossing),31.67
21.0,1,30.1,366,112,S&T (Points/Crossing),40.86
30.0,2,40.2,93,115,Signal,54.3
32.4,0,32.6,465,84,Signal,49.81
30.6,1,39.3,191,137,Signal,48.42
33.2,1,34.0,144,203,S&T (Points/Crossing),58.49
11.3,4,42.1,166,73,OHE (Overhead Equipment),46.14
29.8,2,22.9,287,140,Track (Rail/Ballast),57.93
34.8,3,55.6,150,78,S&T (Points/Crossing),37.67
7.1,1,90.5,462,146,Track (Rail/Ballast),27.91
34.0,4,71.6,297,127,Track (Rail/Ballast),42.1
20.8,5,99.0,68,67,Signal,17.76
18.1,2,12.7,330,144,OHE (Overhead Equipment),53.46
26.4,1,32.1,565,133,OHE (Overhead Equipment),56.76
1.6,4,50.7,498,36,OHE (Overhead Equipment),42.63
4.7,3,66.7,514,70,Signal,32.21
35.7,1,56.2,227,26,OHE (Overhead Equipment),37.83
8.2,4,59.5,86,176,Track (Rail/Ballast),36.87
23.5,2,99.0,114,105,Signal,16.68
32.9,2,45.1,129,140,Track (Rail/Ballast),43.27
15.2,2,97.4,184,27,S&T (Points/Crossing),22.9
22.5,2,40.2,65,65,OHE (Overhead Equipment),31.05
9.9,3,22.5,511,182,Signal,57.84
33.6,4,21.4,698,87,OHE (Overhead Equipment),65.36
37.4,1,85.0,320,214,Track (Rail/Ballast),29.85
1.7,2,16.3,559,122,Track (Rail/Ballast),52.23
23.4,2,84.0,645,52,S&T (Points/Crossing),29.84
18.3,3,40.6,721,65,Track (Rail/Ballast),57.54
7.9,3,82.5,278,199,Track (Rail/Ballast),24.39
38.6,1,38.8,370,65,Signal,45.52
10.1,2,94.9,98,183,Signal,18.5
3.2,4,67.0,101,145,S&T (Points/Crossing),26.4
16.2,3,42.4,134,42,Signal,40.75
6.5,0,50.2,21,203,OHE (Overhead Equipment),28.52
15.0,3,22.1,216,17,Signal,37.75
34.9,2,11.3,634,118,OHE (Overhead Equipment),75.39
25.1,2,41.7,136,54,S&T (Points/Crossing),31.25
26.9,5,73.9,705,167,S&T (Points/Crossing),46.33
23.3,3,69.7,98,85,OHE (Overhead Equipment),20.29
30.7,3,16.4,100,161,Signal,58.91
2.7,2,77.1,438,100,Signal,24.17
30.1,0,43.8,182,26,Signal,42.33
19.9,2,77.1,425,23,Track (Rail/Ballast),32.9
34.3,1,86.6,436,106,S&T (Points/Crossing),31.45
31.5,0,92.3,689,42,Track (Rail/Ballast),21.91
38.6,4,86.7,400,49,Track (Rail/Ballast),29.77
33.6,2,94.0,53,34,Signal,10.32
11.3,2,50.3,629,37,Track (Rail/Ballast),49.09
25.7,1,78.4,8,87,S&T (Points/Crossing),15.41
39.4,4,67.8,203,31,OHE (Overhead Equipment),30.36
16.2,3,28.7,243,82,Signal,40.44
8.8,2,49.5,288,41,OHE (Overhead Equipment),22.58
39.8,1,75.6,293,143,Track (Rail/Ballast),34.58
16.3,5,59.8,254,182,S&T (Points/Crossing),38.56
25.4,2,92.4,220,131,OHE (Overhead Equipment),30.54
2.8,2,51.7,386,108,OHE (Overhead Equipment),25.59
8.7,2,87.3,317,90,Track (Rail/Ballast),21.41
1.0,2,21.3,279,80,Signal,40.72
26.9,2,74.3,631,115,Signal,37.29
8.3,4,87.9,33,202,OHE (Overhead Equipment),18.66
10.1,0,66.3,224,70,Track (Rail/Ballast),21.7
35.5,2,96.7,475,72,Signal,36.71
38.5,0,99.4,625,213,Track (Rail/Ballast),43.25
17.3,1,11.1,567,55,Signal,50.82
21.0,2,65.2,297,115,Signal,25.58
20.7,2,81.4,510,32,Track (Rail/Ballast),40.34
36.8,5,73.1,559,44,OHE (Overhead Equipment),40.39
24.9,3,26.1,510,187,Track (Rail/Ballast),61.71
9.4,6,46.3,551,50,Track (Rail/Ballast),44.18
35.5,0,47.9,161,123,OHE (Overhead Equipment),27.56
22.7,2,52.5,558,52,Signal,48.67
4.9,4,39.4,62,169,S&T (Points/Crossing),38.33
6.2,4,57.3,139,158,OHE (Overhead Equipment),27.19
21.0,4,97.3,455,104,Signal,33.08
35.9,4,88.4,697,111,Signal,39.28
4.1,2,24.1,534,200,Signal,59.29
21.9,1,82.1,516,143,Track (Rail/Ballast),38.99
38.4,0,11.4,504,169,OHE (Overhead Equipment),68.17
16.3,1,63.3,276,117,OHE (Overhead Equipment),32.18
27.9,3,97.8,624,80,Track (Rail/Ballast),31.35
2.9,1,99.7,391,99,Track (Rail/Ballast),13.08
16.0,1,99.8,83,134,S&T (Points/Crossing),17.77
34.5,3,76.2,579,157,OHE (Overhead Equipment),51.69
26.5,3,43.1,302,94,Track (Rail/Ballast),51.88
27.5,4,16.0,221,70,Signal,65.34
15.6,4,77.0,151,160,Signal,26.24
29.0,0,86.5,108,42,OHE (Overhead Equipment),21.51
25.3,2,73.2,536,72,S&T (Points/Crossing),31.38
23.5,3,90.5,482,48,Signal,38.08
37.7,2,24.9,129,99,S&T (Points/Crossing),52.82
24.1,0,92.7,292,36,OHE (Overhead Equipment),18.89
30.8,6,46.0,296,25,Track (Rail/Ballast),35.11
13.7,2,40.7,619,127,Track (Rail/Ballast),43.98
9.7,2,39.9,471,135,Signal,51.05
13.8,1,60.7,312,36,Signal,21.94
1.1,2,42.0,200,124,S&T (Points/Crossing),33.47
27.2,4,51.9,45,59,Signal,49.45
39.0,6,92.8,400,209,Track (Rail/Ballast),49.76
3.7,0,46.0,335,209,Track (Rail/Ballast),38.13
39.6,2,31.2,700,207,S&T (Points/Crossing),75.95
5.0,2,26.0,378,15,Signal,36.65
10.2,4,13.7,75,173,OHE (Overhead Equipment),46.98
32.2,1,63.1,415,135,Signal,52.45
24.3,2,73.6,8,30,Signal,15.56
32.2,3,95.2,552,35,Track (Rail/Ballast),37.0
35.8,1,95.1,302,71,S&T (Points/Crossing),28.04
21.7,2,92.1,652,142,S&T (Points/Crossing),40.35
9.8,3,56.4,378,63,OHE (Overhead Equipment),33.33
15.6,4,10.0,121,115,OHE (Overhead Equipment),40.37
2.7,3,94.9,111,79,Signal,15.63
35.0,1,71.8,509,165,Track (Rail/Ballast),38.75
3.8,2,87.9,85,125,Track (Rail/Ballast),21.35
20.2,1,27.6,219,104,S&T (Points/Crossing),47.32
28.1,5,19.9,608,113,Track (Rail/Ballast),71.24
25.5,3,19.6,51,201,OHE (Overhead Equipment),63.0
38.5,4,62.4,255,217,Signal,58.13
14.5,1,86.2,195,115,Signal,22.99
38.4,3,26.7,59,202,Track (Rail/Ballast),48.71
4.7,2,29.9,205,94,Signal,24.01
29.7,5,80.3,108,169,S&T (Points/Crossing),35.97
21.6,0,74.4,269,18,Track (Rail/Ballast),16.16
32.9,2,24.3,276,115,Signal,52.81
8.7,1,52.1,555,100,Track (Rail/Ballast),48.01
9.6,2,16.9,478,184,OHE (Overhead Equipment),48.15
2.6,3,12.6,637,120,S&T (Points/Crossing),55.47
16.8,6,85.6,651,136,Track (Rail/Ballast),31.71
3.2,2,14.8,270,87,Signal,40.79
28.8,1,27.7,628,130,Track (Rail/Ballast),55.88
23.1,2,58.9,678,63,S&T (Points/Crossing),50.9
31.1,4,91.8,273,68,Signal,30.27
31.2,2,69.7,642,174,OHE (Overhead Equipment),43.3
10.8,1,94.7,19,81,Signal,0.0
1.6,1,57.0,595,161,Track (Rail/Ballast),44.39
36.3,2,79.1,468,195,S&T (Points/Crossing),45.84
16.2,3,77.7,207,66,Track (Rail/Ballast),25.63
14.2,0,59.3,57,178,Signal,30.39
19.8,1,33.6,678,143,Track (Rail/Ballast),62.51
12.6,0,31.5,258,104,Signal,34.65
9.5,3,88.8,657,184,S&T (Points/Crossing),35.79
34.8,2,86.5,685,103,Signal,44.09
17.1,2,32.7,257,203,Track (Rail/Ballast),50.93
19.9,1,17.5,315,98,Signal,53.13
25.0,2,71.2,398,172,S&T (Points/Crossing),33.73
24.1,0,73.5,305,79,OHE (Overhead Equipment),37.24
26.4,0,73.0,503,116,Track (Rail/Ballast),40.16
7.7,3,17.1,185,38,Track (Rail/Ballast),37.39
19.8,0,74.1,469,185,Track (Rail/Ballast),38.41
7.3,4,47.0,293,204,Track (Rail/Ballast),45.14
33.2,6,47.6,631,190,Track (Rail/Ballast),61.81
39.8,1,85.0,305,40,Track (Rail/Ballast),34.53
36.5,4,30.8,725,35,Signal,58.75
29.1,2,83.3,154,99,S&T (Points/Crossing),27.27
23.6,1,81.7,448,193,Signal,32.93
32.0,0,80.9,174,18,Track (Rail/Ballast),20.95
32.3,2,35.4,503,69,Track (Rail/Ballast),63.54
11.2,1,61.0,553,153,Track (Rail/Ballast),31.87
35.4,1,73.0,236,217,Signal,36.65
4.3,3,28.8,584,210,S&T (Points/Crossing),51.26
9.6,3,11.0,421,51,S&T (Points/Crossing),57.07
18.2,0,99.7,398,123,Track (Rail/Ballast),35.1
33.6,3,28.8,206,62,OHE (Overhead Equipment),51.54
9.6,4,21.2,66,136,Signal,52.96
38.5,5,34.4,348,87,OHE (Overhead Equipment),58.3
26.1,3,55.4,666,184,S&T (Points/Crossing),55.36
39.7,2,95.5,506,26,Track (Rail/Ballast),31.9
39.2,1,77.6,691,94,OHE (Overhead Equipment),48.27
13.6,1,34.5,688,40,Track (Rail/Ballast),42.7
20.5,2,21.0,596,155,S&T (Points/Crossing),62.45
8.8,3,18.8,74,174,OHE (Overhead Equipment),48.43
16.8,3,42.5,55,161,OHE (Overhead Equipment),36.17
11.4,1,14.1,26,184,S&T (Points/Crossing),52.21
16.5,1,16.3,287,156,OHE (Overhead Equipment),47.86
16.9,1,36.1,132,162,S&T (Points/Crossing),33.49
6.3,2,35.0,470,192,S&T (Points/Crossing),46.11
39.8,4,42.4,308,188,OHE (Overhead Equipment),62.2
31.6,2,44.0,151,84,Signal,35.97
17.0,1,12.2,122,171,Signal,54.98
26.4,3,53.0,653,57,S&T (Points/Crossing),50.03
14.2,1,12.5,500,219,Signal,67.68
3.6,3,95.7,466,215,Track (Rail/Ballast),26.63
2.7,3,55.3,487,102,Signal,25.17
5.1,3,60.9,142,56,OHE (Overhead Equipment),18.42
16.9,4,29.0,505,123,Signal,62.77
17.0,3,59.5,394,212,Signal,45.78
23.7,2,16.7,108,133,OHE (Overhead Equipment),51.39
25.6,0,94.6,279,135,S&T (Points/Crossing),19.34
20.8,3,53.1,543,45,Track (Rail/Ballast),48.12
15.5,4,99.0,555,90,S&T (Points/Crossing),24.46
26.2,3,20.1,275,103,OHE (Overhead Equipment),54.49
8.5,1,79.8,35,59,S&T (Points/Crossing),11.39
3.1,1,14.7,47,163,OHE (Overhead Equipment),45.64
18.8,1,63.8,68,146,OHE (Overhead Equipment),25.36
10.4,1,89.7,530,131,S&T (Points/Crossing),24.78
31.8,5,99.4,657,38,S&T (Points/Crossing),41.35
8.5,5,51.8,565,176,Track (Rail/Ballast),53.29
29.3,1,71.7,191,205,OHE (Overhead Equipment),48.25
30.3,3,94.7,317,113,Signal,25.96
20.5,0,90.5,107,92,OHE (Overhead Equipment),16.48
23.3,1,15.3,22,161,S&T (Points/Crossing),49.8
18.2,2,23.5,709,57,S&T (Points/Crossing),59.03
33.7,6,53.9,19,82,Signal,41.0
24.0,4,81.4,80,174,OHE (Overhead Equipment),36.18
17.9,4,95.8,340,16,Track (Rail/Ballast),22.36
23.2,4,62.1,683,42,Signal,53.53
28.5,2,50.0,503,28,S&T (Points/Crossing),52.21
24.6,2,96.3,629,24,S&T (Points/Crossing),38.77
32.5,4,82.0,31,35,OHE (Overhead Equipment),30.79
19.0,3,42.0,102,88,S&T (Points/Crossing),35.64
21.3,4,35.0,93,38,S&T (Points/Crossing),45.81
6.1,5,26.1,555,201,S&T (Points/Crossing),56.23
33.6,2,71.0,112,182,Signal,25.42
20.8,2,52.2,174,75,OHE (Overhead Equipment),28.83
30.6,6,69.4,363,121,Track (Rail/Ballast),53.77
2.7,3,57.1,299,70,S&T (Points/Crossing),37.05
15.9,2,64.4,665,175,OHE (Overhead Equipment),45.22
14.4,3,83.5,602,46,Track (Rail/Ballast),40.05
8.8,2,25.5,652,158,Track (Rail/Ballast),66.72
31.1,3,49.5,327,18,Track (Rail/Ballast),35.94
17.6,1,41.5,616,130,OHE (Overhead Equipment),46.59
17.0,2,49.5,677,25,Signal,45.97
11.7,5,92.3,496,182,Signal,36.89
32.2,4,58.9,376,140,OHE (Overhead Equipment),38.85
3.3,3,11.5,148,59,Signal,36.28
18.9,2,43.3,16,128,Track (Rail/Ballast),32.51
11.3,4,57.5,624,213,OHE (Overhead Equipment),40.41
35.5,2,48.0,607,114,OHE (Overhead Equipment),53.77
37.3,3,15.3,657,28,S&T (Points/Crossing),61.99
34.2,4,75.6,214,176,Signal,50.38
1.3,3,89.0,685,61,OHE (Overhead Equipment),26.34
7.7,1,43.8,375,82,Track (Rail/Ballast),37.16
31.2,2,92.5,443,183,S&T (Points/Crossing),39.51
10.2,2,98.8,435,38,Track (Rail/Ballast),30.68
19.1,1,88.9,264,209,S&T (Points/Crossing),25.87
39.5,3,88.2,123,219,Signal,30.51
4.1,1,94.3,686,20,OHE (Overhead Equipment),20.33
15.4,4,45.8,366,206,S&T (Points/Crossing),41.01
18.8,2,48.5,644,24,OHE (Overhead Equipment),50.35
10.1,1,99.7,207,42,S&T (Points/Crossing),4.43
26.7,1,64.4,597,66,OHE (Overhead Equipment),41.92
24.0,6,67.4,581,126,Signal,45.54
25.0,2,14.8,618,170,Signal,65.54
3.5,6,90.3,450,98,OHE (Overhead Equipment),31.22
12.7,2,48.6,309,169,Signal,45.89
23.7,1,61.8,704,205,Signal,51.36
25.8,1,76.0,708,64,OHE (Overhead Equipment),33.85
29.3,1,93.1,611,20,S&T (Points/Crossing),54.79
21.8,2,93.6,350,56,OHE (Overhead Equipment),24.24
32.5,0,78.8,461,106,S&T (Points/Crossing),37.79
0.7,1,14.2,56,29,Signal,35.93
6.5,3,89.3,223,193,OHE (Overhead Equipment),26.73
30.2,1,94.4,285,219,OHE (Overhead Equipment),42.86
21.9,1,50.5,184,34,OHE (Overhead Equipment),32.52
18.7,3,66.5,394,186,OHE (Overhead Equipment),46.68
35.0,2,78.6,491,57,S&T (Points/Crossing),28.43
3.3,1,85.9,351,213,OHE (Overhead Equipment),25.75
20.9,2,70.2,423,147,Signal,29.94
33.7,2,20.3,88,155,Signal,55.7
31.3,0,60.0,406,19,OHE (Overhead Equipment),36.85
15.8,4,10.2,648,214,Track (Rail/Ballast),76.66
23.4,3,30.7,462,18,Track (Rail/Ballast),40.85
12.8,0,46.4,419,69,Signal,35.77
9.1,1,56.6,320,141,Signal,43.98
12.9,4,29.2,331,75,OHE (Overhead Equipment),54.49
10.0,2,61.5,413,120,Signal,40.93
4.0,3,90.8,176,88,S&T (Points/Crossing),11.66
17.4,4,91.9,123,165,S&T (Points/Crossing),18.08
38.2,1,54.0,528,80,Track (Rail/Ballast),39.49
39.5,3,41.4,195,94,S&T (Points/Crossing),59.84
38.3,4,85.9,240,91,Signal,21.47
33.1,6,95.1,235,157,Signal,33.51
36.1,2,25.9,254,170,Signal,53.2
2.2,0,93.0,128,128,S&T (Points/Crossing),17.97
5.8,1,85.4,541,119,S&T (Points/Crossing),34.25
28.1,4,91.1,687,47,Track (Rail/Ballast),42.0
27.5,3,34.7,274,208,OHE (Overhead Equipment),55.28
18.9,1,40.2,121,24,Track (Rail/Ballast),32.34
18.6,4,88.7,15,72,Signal,25.73
4.8,0,45.0,369,62,Signal,30.35
5.4,1,24.0,589,103,OHE (Overhead Equipment),51.95
38.4,1,49.7,440,197,Track (Rail/Ballast),68.89
38.7,2,61.1,244,178,OHE (Overhead Equipment),45.93
27.9,1,58.4,358,100,OHE (Overhead Equipment),33.58
37.7,4,48.5,569,103,Signal,57.77
30.9,0,83.8,454,63,OHE (Overhead Equipment),33.9
15.0,1,86.3,26,198,OHE (Overhead Equipment),22.78
0.5,2,79.2,22,188,Track (Rail/Ballast),14.73
7.7,0,95.6,499,182,S&T (Points/Crossing),16.19
26.3,0,79.6,21,198,OHE (Overhead Equipment),18.52
11.7,4,63.6,653,36,S&T (Points/Crossing),39.43
33.4,0,57.5,352,38,Track (Rail/Ballast),32.38
8.2,3,65.4,136,16,Signal,25.27
13.2,4,51.5,161,24,Track (Rail/Ballast),42.17
34.0,0,14.7,523,79,Signal,62.72
12.4,1,21.7,386,208,OHE (Overhead Equipment),53.19
28.6,3,10.8,620,89,Track (Rail/Ballast),66.15
29.0,1,89.9,584,55,OHE (Overhead Equipment),34.14
16.3,3,35.9,189,67,Signal,34.77
24.3,2,89.9,510,85,Signal,33.98
39.5,1,42.9,424,134,S&T (Points/Crossing),65.84
26.4,3,24.7,460,34,Signal,59.3
30.5,4,38.2,252,157,OHE (Overhead Equipment),50.19
23.7,2,71.9,28,128,OHE (Overhead Equipment),37.83
11.9,7,58.6,457,181,Track (Rail/Ballast),45.65
25.4,3,23.9,425,49,S&T (Points/Crossing),48.29
10.2,4,82.3,98,148,Signal,25.04
39.8,3,68.8,640,159,Signal,53.41
27.1,3,47.2,7,116,S&T (Points/Crossing),33.7
29.1,1,83.8,582,150,S&T (Points/Crossing),39.05
33.1,2,98.3,504,172,S&T (Points/Crossing),39.97
8.5,2,61.3,461,77,S&T (Points/Crossing),27.14
37.8,4,54.2,292,126,Track (Rail/Ballast),39.6
3.3,2,52.5,422,138,OHE (Overhead Equipment),38.22
32.5,0,49.7,191,22,Track (Rail/Ballast),33.71
6.6,2,56.2,220,59,Signal,29.16
34.3,1,92.5,646,61,S&T (Points/Crossing),28.13
33.7,3,12.4,310,75,Signal,51.06
23.7,1,55.6,373,181,Track (Rail/Ballast),50.9
0.7,3,33.5,599,37,OHE (Overhead Equipment),50.85
24.8,3,32.2,332,163,OHE (Overhead Equipment),53.56
29.3,0,92.9,605,160,S&T (Points/Crossing),27.31
17.0,3,57.8,593,77,S&T (Points/Crossing),43.33
18.4,3,62.7,636,26,OHE (Overhead Equipment),41.96
1.6,1,51.0,325,202,Signal,34.58
33.3,2,74.9,714,16,S&T (Points/Crossing),47.93
18.0,0,98.9,594,189,OHE (Overhead Equipment),37.92
33.6,0,48.1,392,211,Signal,46.21
9.1,3,90.4,567,98,Track (Rail/Ballast),26.94
33.6,1,16.2,482,60,Signal,54.63
14.9,4,15.0,602,218,Signal,58.61
23.4,2,61.9,413,16,S&T (Points/Crossing),36.76
23.9,1,39.5,113,70,OHE (Overhead Equipment),34.64
7.0,2,94.6,244,90,S&T (Points/Crossing),23.19
9.9,3,94.8,126,95,OHE (Overhead Equipment),18.59
3.0,1,61.8,572,195,Signal,34.19
31.6,2,29.4,586,112,S&T (Points/Crossing),59.09
8.6,1,94.0,12,132,S&T (Points/Crossing),27.31
29.5,0,23.5,402,144,OHE (Overhead Equipment),60.07
24.5,8,99.2,288,208,Track (Rail/Ballast),31.73
36.7,5,46.0,487,122,Track (Rail/Ballast),58.67
21.9,1,98.0,624,99,OHE (Overhead Equipment),31.41
35.5,2,87.1,197,110,S&T (Points/Crossing),28.45
21.5,1,93.7,507,126,OHE (Overhead Equipment),24.74
27.6,0,40.1,189,182,OHE (Overhead Equipment),47.24
28.7,0,30.8,89,205,S&T (Points/Crossing),46.29
29.3,2,66.6,554,30,Signal,52.67
26.3,2,34.1,213,77,Track (Rail/Ballast),35.32
22.0,1,11.9,529,145,Signal,60.87
22.0,3,64.1,78,129,S&T (Points/Crossing),33.26
28.3,3,95.4,477,189,Signal,41.17
37.6,2,88.3,596,193,OHE (Overhead Equipment),45.14
34.8,5,65.9,93,128,S&T (Points/Crossing),31.65
10.4,1,64.4,519,210,S&T (Points/Crossing),39.78
1.0,4,95.2,199,130,Track (Rail/Ballast),19.69
20.1,2,40.3,176,149,Track (Rail/Ballast),36.15
5.6,3,78.7,266,95,S&T (Points/Crossing),18.3
26.7,1,55.2,365,158,Signal,41.59
1.6,3,10.5,619,49,Track (Rail/Ballast),52.14
37.5,1,86.2,15,181,Track (Rail/Ballast),32.25
33.4,6,41.8,348,15,OHE (Overhead Equipment),51.82
7.4,3,77.5,526,89,Track (Rail/Ballast),43.22
3.0,0,21.2,288,92,OHE (Overhead Equipment),48.8
20.2,0,75.8,237,100,S&T (Points/Crossing),21.63
34.9,4,22.4,439,102,Signal,62.97
2.5,4,58.1,16,71,S&T (Points/Crossing),31.02
14.6,2,28.9,563,44,Track (Rail/Ballast),69.21
14.0,2,35.5,688,37,S&T (Points/Crossing),53.79
30.9,2,12.0,398,106,Track (Rail/Ballast),64.25
32.7,4,41.9,557,214,Signal,58.4
15.1,1,96.1,604,62,OHE (Overhead Equipment),32.84
32.3,1,46.4,509,167,OHE (Overhead Equipment),48.26
17.8,1,57.6,516,51,OHE (Overhead Equipment),47.85
27.1,1,89.2,630,57,OHE (Overhead Equipment),35.76
6.8,1,80.2,64,82,Track (Rail/Ballast),8.23
33.3,0,51.0,271,43,Track (Rail/Ballast),41.24
32.0,2,12.0,57,82,Signal,41.99
29.3,2,99.6,252,72,OHE (Overhead Equipment),15.44
14.7,1,11.5,618,86,Signal,58.42
26.0,2,54.4,440,132,S&T (Points/Crossing),46.34
6.7,2,34.9,640,38,Signal,44.51
28.1,2,55.7,141,196,Signal,47.87
1.5,1,85.8,43,67,Track (Rail/Ballast),25.39
14.8,0,29.7,583,181,S&T (Points/Crossing),45.51
18.9,2,85.4,268,105,S&T (Points/Crossing),22.93
22.8,1,77.7,7,27,Signal,28.44
12.2,1,17.7,405,48,OHE (Overhead Equipment),48.37
33.8,5,33.2,204,195,Track (Rail/Ballast),54.97
26.3,1,71.0,191,183,Signal,33.47
20.3,2,69.6,19,95,Signal,27.36
26.5,1,22.0,439,179,Signal,55.96
33.6,0,83.9,535,118,S&T (Points/Crossing),41.15
14.7,2,31.5,281,95,Signal,44.9
20.4,0,60.3,577,104,S&T (Points/Crossing),35.16
34.8,4,10.6,624,187,Track (Rail/Ballast),75.14
23.9,2,68.6,174,95,S&T (Points/Crossing),39.25
6.0,1,54.4,686,135,Signal,45.44
33.8,0,65.5,540,191,S&T (Points/Crossing),58.48
36.1,3,46.7,104,104,Signal,57.36
29.4,4,64.1,370,121,OHE (Overhead Equipment),42.01
2.3,0,39.3,36,20,Signal,31.04
26.6,2,58.7,40,41,Signal,34.47
37.5,2,96.9,82,158,Track (Rail/Ballast),21.47
21.1,4,11.1,385,69,S&T (Points/Crossing),53.1
39.4,5,87.3,726,84,OHE (Overhead Equipment),57.18
38.9,4,49.2,331,218,Signal,53.07
36.2,2,48.5,305,101,Signal,54.47
31.6,2,91.0,726,53,Track (Rail/Ballast),32.74
24.0,1,71.0,25,18,S&T (Points/Crossing),24.36
17.8,2,88.7,18,187,Signal,28.0
7.6,1,51.5,408,203,Track (Rail/Ballast),41.23
2.3,0,43.7,684,105,Signal,38.2
29.7,3,82.8,141,46,Signal,25.03
7.7,1,47.9,638,91,Signal,42.27
5.2,4,99.4,115,69,Track (Rail/Ballast),13.89
25.4,1,15.1,373,69,OHE (Overhead Equipment),61.09
16.3,0,78.5,368,167,S&T (Points/Crossing),24.35
28.3,2,70.6,302,94,OHE (Overhead Equipment),31.13
4.9,3,27.6,18,23,S&T (Points/Crossing),40.48
18.8,3,82.1,367,111,S&T (Points/Crossing),35.45
19.4,3,14.3,247,25,S&T (Points/Crossing),34.79
16.3,2,95.7,354,31,OHE (Overhead Equipment),27.14
37.1,1,76.8,452,177,Track (Rail/Ballast),51.03
12.7,1,21.0,24,218,S&T (Points/Crossing),43.54
26.5,3,96.8,258,188,Signal,34.53
37.4,3,29.1,219,194,OHE (Overhead Equipment),52.77
22.9,0,94.0,356,81,Track (Rail/Ballast),32.47
9.3,1,81.1,649,37,Signal,31.59
9.6,2,39.2,320,58,S&T (Points/Crossing),45.14
37.3,1,54.9,486,51,S&T (Points/Crossing),37.38
23.1,0,53.3,116,214,Track (Rail/Ballast),42.76
18.0,2,91.6,387,211,Signal,41.57
39.5,0,67.1,33,125,OHE (Overhead Equipment),31.28
20.1,1,27.1,132,134,Track (Rail/Ballast),43.98
14.1,3,74.1,366,107,S&T (Points/Crossing),50.95
39.0,1,47.8,552,95,Track (Rail/Ballast),59.64
16.4,2,55.4,201,163,OHE (Overhead Equipment),43.27
9.3,1,55.6,415,216,S&T (Points/Crossing),37.46
33.1,1,14.8,127,29,OHE (Overhead Equipment),45.71
39.8,3,55.3,257,52,Track (Rail/Ballast),42.15
18.7,1,62.0,334,208,S&T (Points/Crossing),42.76
21.0,1,30.4,120,193,S&T (Points/Crossing),59.21
28.9,2,47.1,354,92,Signal,39.82
0.7,3,61.4,522,185,Track (Rail/Ballast),33.78
26.2,2,73.0,468,24,OHE (Overhead Equipment),25.07
20.2,1,29.5,414,131,OHE (Overhead Equipment),46.3
9.8,1,15.4,305,45,S&T (Points/Crossing),36.34
19.8,2,14.2,584,40,Track (Rail/Ballast),51.07
19.0,3,13.8,91,154,S&T (Points/Crossing),52.76
37.5,5,49.1,476,81,OHE (Overhead Equipment),54.66
10.9,3,12.5,294,129,Signal,56.06
32.9,7,72.0,591,196,OHE (Overhead Equipment),54.1
22.2,1,17.0,555,96,Track (Rail/Ballast),59.24
1.5,0,24.8,48,98,Track (Rail/Ballast),34.4
7.4,2,13.1,517,218,OHE (Overhead Equipment),60.82
7.2,2,52.2,699,145,OHE (Overhead Equipment),49.77
12.0,2,45.1,640,132,S&T (Points/Crossing),54.31
17.1,2,34.7,636,134,Signal,61.41
7.1,3,47.3,603,145,Signal,42.88
17.7,3,76.0,444,21,Signal,32.66
4.5,1,69.6,628,73,Signal,38.51
31.4,3,28.4,683,36,OHE (Overhead Equipment),51.25
12.1,0,55.8,229,164,OHE (Overhead Equipment),29.08
32.1,2,45.9,308,183,S&T (Points/Crossing),57.39
26.1,1,61.1,296,111,OHE (Overhead Equipment),32.57
26.2,2,85.0,151,134,S&T (Points/Crossing),27.82
10.1,1,25.7,492,123,S&T (Points/Crossing),49.55
13.1,0,51.0,47,18,S&T (Points/Crossing),25.11
38.8,5,62.2,143,80,S&T (Points/Crossing),42.84
4.2,1,67.1,57,202,S&T (Points/Crossing),16.1
33.9,0,88.5,348,115,OHE (Overhead Equipment),36.42
7.8,1,66.7,293,139,Track (Rail/Ballast),28.26
32.6,2,45.4,503,147,S&T (Points/Crossing),54.48
15.7,6,86.7,621,217,S&T (Points/Crossing),40.07
13.3,1,56.2,436,81,OHE (Overhead Equipment),35.79
37.4,2,51.6,515,63,Track (Rail/Ballast),47.19
12.3,3,67.6,313,137,OHE (Overhead Equipment),38.32
30.4,2,29.7,156,164,Signal,60.15
39.6,3,73.5,436,193,S&T (Points/Crossing),55.31
9.1,1,60.8,570,168,Track (Rail/Ballast),40.98
9.4,1,31.5,117,50,S&T (Points/Crossing),26.07
30.7,1,35.8,139,140,Track (Rail/Ballast),52.49
9.3,2,90.8,656,57,Signal,25.73
14.4,4,49.3,509,18,OHE (Overhead Equipment),56.36
15.5,3,89.7,688,118,OHE (Overhead Equipment),30.28
37.1,0,11.4,401,102,Signal,54.24
33.8,4,99.2,323,16,Signal,33.19
30.3,1,12.7,657,96,OHE (Overhead Equipment),61.8
8.4,1,23.3,613,58,Track (Rail/Ballast),41.31
33.3,2,13.7,35,178,Track (Rail/Ballast),63.33
7.1,4,84.9,547,192,OHE (Overhead Equipment),35.24
25.2,1,90.3,405,57,OHE (Overhead Equipment),35.46
13.2,3,71.9,293,46,Track (Rail/Ballast),31.01
31.6,2,52.8,278,170,Track (Rail/Ballast),50.77
15.6,4,14.4,587,153,S&T (Points/Crossing),74.12
9.4,2,22.4,32,106,Track (Rail/Ballast),34.93
29.3,1,98.0,723,129,Signal,41.71
25.7,1,31.3,107,148,S&T (Points/Crossing),45.1
39.1,4,57.8,454,76,Signal,43.33
36.4,3,81.8,387,77,Signal,38.96
26.3,2,59.9,235,62,Track (Rail/Ballast),37.26
18.6,4,93.4,506,158,Signal,36.85
30.2,1,66.8,277,90,Signal,36.84
22.7,4,30.4,300,87,Signal,43.2
6.3,1,71.5,147,193,Track (Rail/Ballast),22.63
16.1,2,41.0,596,219,Signal,46.52
24.9,4,84.7,513,194,Signal,42.22
28.4,1,29.6,155,218,Track (Rail/Ballast),51.99
26.3,4,50.2,612,32,Track (Rail/Ballast),50.44
39.4,2,31.3,653,86,Track (Rail/Ballast),69.97
35.0,1,41.3,362,138,S&T (Points/Crossing),60.4
24.8,4,84.8,223,167,S&T (Points/Crossing),32.91
20.4,4,63.7,47,64,Signal,17.0
28.1,5,51.7,512,111,Signal,51.84
16.5,3,47.1,237,115,Signal,40.27
37.4,5,68.3,411,49,Signal,43.58
20.2,2,43.7,603,202,Signal,58.47
32.0,3,67.8,77,211,OHE (Overhead Equipment),23.32
35.0,3,10.7,429,26,S&T (Points/Crossing),66.08
1.8,2,26.6,61,48,Track (Rail/Ballast),27.17
5.6,0,21.7,582,163,S&T (Points/Crossing),56.85
15.4,5,49.1,636,216,Signal,59.44
32.1,2,64.7,440,51,Track (Rail/Ballast),41.84
20.8,2,78.3,691,32,S&T (Points/Crossing),48.95
7.0,2,57.8,87,91,Track (Rail/Ballast),26.28
34.9,1,86.7,601,61,Track (Rail/Ballast),25.05
1.0,1,42.8,363,74,S&T (Points/Crossing),32.76
3.7,3,61.7,556,182,S&T (Points/Crossing),41.86
2.7,2,49.3,196,35,OHE (Overhead Equipment),23.12
7.5,0,61.4,685,214,OHE (Overhead Equipment),40.59
24.3,0,92.0,159,105,Signal,20.74
29.3,4,94.3,554,151,S&T (Points/Crossing),42.44
19.5,1,42.6,612,134,Signal,54.4
36.8,4,27.3,718,90,Signal,66.37
35.1,1,52.5,83,184,Track (Rail/Ballast),45.76
34.9,2,98.9,142,71,S&T (Points/Crossing),25.15
25.5,3,51.2,480,140,Signal,44.3
28.9,2,25.2,296,85,OHE (Overhead Equipment),49.29
5.0,1,34.8,46,119,Track (Rail/Ballast),29.91
27.3,1,92.7,661,60,OHE (Overhead Equipment),41.22
6.1,2,21.9,116,216,S&T (Points/Crossing),40.12
7.6,4,70.5,234,153,OHE (Overhead Equipment),31.41
1.8,3,52.2,503,50,OHE (Overhead Equipment),37.83
28.8,1,66.7,207,159,Signal,39.43
17.7,1,66.9,485,176,Signal,35.59
10.4,2,83.9,253,48,Signal,21.05
21.4,1,57.4,675,169,Track (Rail/Ballast),58.17
16.2,1,15.8,640,150,Signal,62.01
20.2,2,39.9,497,111,Signal,46.58
34.7,3,45.7,248,22,S&T (Points/Crossing),47.52
23.1,3,98.2,7,45,S&T (Points/Crossing),18.81
18.0,4,20.9,284,74,Signal,51.91
3.1,3,29.9,674,185,Track (Rail/Ballast),57.67
24.2,1,20.3,412,188,Track (Rail/Ballast),60.37
12.1,1,79.8,681,54,Track (Rail/Ballast),21.89
36.7,4,13.7,147,75,Signal,57.23
7.9,0,50.0,322,124,OHE (Overhead Equipment),38.18
39.1,4,48.4,130,63,OHE (Overhead Equipment),37.22
0.6,0,40.6,414,188,OHE (Overhead Equipment),43.87
39.9,2,66.6,598,36,Signal,51.64
33.8,1,40.4,709,207,S&T (Points/Crossing),53.71
32.8,6,47.2,141,65,Signal,51.47
36.1,1,60.7,465,17,S&T (Points/Crossing),45.77
39.7,1,99.9,499,172,OHE (Overhead Equipment),34.97
32.4,5,51.6,123,129,Signal,30.86
28.6,2,36.4,303,104,OHE (Overhead Equipment),50.24
38.7,1,94.9,194,89,Track (Rail/Ballast),25.4
35.9,3,75.1,383,143,OHE (Overhead Equipment),36.23
34.1,2,30.1,460,177,OHE (Overhead Equipment),58.23
1.7,0,75.4,108,82,S&T (Points/Crossing),8.94
24.7,2,39.9,638,173,S&T (Points/Crossing),54.08
5.7,1,40.0,602,19,Signal,41.53
22.7,2,73.1,267,170,Track (Rail/Ballast),32.54
38.4,6,56.2,276,50,Track (Rail/Ballast),61.03
3.2,2,68.1,176,200,Signal,21.12
3.8,1,38.4,53,103,OHE (Overhead Equipment),33.68
1.3,1,89.9,560,31,S&T (Points/Crossing),15.22
13.0,3,82.5,165,122,OHE (Overhead Equipment),30.53
28.6,2,65.2,536,127,OHE (Overhead Equipment),36.83
11.4,4,99.8,282,132,OHE (Overhead Equipment),26.79
34.4,2,18.1,472,119,Track (Rail/Ballast),66.76
19.8,3,16.9,112,164,OHE (Overhead Equipment),49.17
40.0,1,64.8,445,35,S&T (Points/Crossing),44.39
37.1,7,19.0,357,40,Track (Rail/Ballast),61.97
32.3,2,73.1,43,151,Track (Rail/Ballast),34.07
8.4,0,37.7,10,194,Signal,48.16
22.2,3,53.4,459,175,Signal,54.8
0.9,1,92.9,625,68,OHE (Overhead Equipment),22.48
22.7,5,53.3,700,139,S&T (Points/Crossing),53.42
14.4,1,43.4,583,68,S&T (Points/Crossing),41.3
14.6,1,79.2,72,140,OHE (Overhead Equipment),16.98
13.4,1,27.9,552,19,Signal,50.26
8.6,1,43.5,90,154,Track (Rail/Ballast),25.32
3.8,6,53.7,633,112,S&T (Points/Crossing),50.27
1.3,1,57.2,333,28,Track (Rail/Ballast),27.34
17.1,1,33.5,397,38,S&T (Points/Crossing),45.84
35.5,4,28.6,710,198,S&T (Points/Crossing),63.87
13.6,2,54.7,533,49,Track (Rail/Ballast),31.63
1.2,0,80.6,242,79,OHE (Overhead Equipment),24.3
21.8,1,67.1,527,164,Track (Rail/Ballast),42.75
35.1,0,46.6,433,151,S&T (Points/Crossing),49.32
9.4,2,98.3,82,151,Track (Rail/Ballast),22.35
20.6,5,14.2,173,198,S&T (Points/Crossing),61.4
19.4,2,10.7,380,29,Signal,63.77
28.3,2,24.2,712,77,OHE (Overhead Equipment),63.22
34.0,4,30.3,533,76,OHE (Overhead Equipment),67.82
10.7,3,74.4,689,83,OHE (Overhead Equipment),43.56
20.4,3,36.9,620,213,OHE (Overhead Equipment),69.82
31.1,1,94.3,71,57,Track (Rail/Ballast),19.68
32.8,4,12.8,234,121,S&T (Points/Crossing),59.27
19.4,2,21.1,596,141,Signal,57.25
20.9,2,37.5,653,182,Track (Rail/Ballast),63.85
15.5,2,63.7,527,73,Signal,43.01
9.5,6,84.7,441,71,OHE (Overhead Equipment),34.83
26.4,2,47.6,37,160,S&T (Points/Crossing),32.74
22.8,3,89.2,567,181,S&T (Points/Crossing),37.01
12.6,6,30.6,419,131,Track (Rail/Ballast),60.69
9.8,4,95.8,443,192,Track (Rail/Ballast),26.39
33.2,2,55.3,348,211,Signal,55.41
36.1,2,13.7,656,39,S&T (Points/Crossing),66.5
30.8,2,44.1,591,166,Signal,58.15
30.2,3,36.5,702,192,S&T (Points/Crossing),63.98
39.2,5,40.0,146,16,S&T (Points/Crossing),41.62
19.5,2,15.0,374,60,Track (Rail/Ballast),53.19
17.9,3,31.9,438,18,OHE (Overhead Equipment),37.69
4.8,2,72.0,23,131,Track (Rail/Ballast),17.16
39.5,0,53.6,53,38,Track (Rail/Ballast),31.92
1.9,1,67.3,287,94,S&T (Points/Crossing),17.55
17.0,4,86.3,568,23,OHE (Overhead Equipment),26.13
3.6,0,30.0,699,172,Signal,62.35
17.4,1,62.5,11,36,S&T (Points/Crossing),25.21
29.7,2,55.5,143,147,Track (Rail/Ballast),41.42
8.3,2,46.7,306,145,Track (Rail/Ballast),28.03
26.3,1,69.1,237,111,S&T (Points/Crossing),28.07
2.7,2,41.6,443,92,OHE (Overhead Equipment),31.61
17.2,2,64.4,22,33,OHE (Overhead Equipment),21.91
13.4,2,66.4,382,39,Track (Rail/Ballast),22.84
23.5,1,71.2,586,16,S&T (Points/Crossing),37.68
15.3,0,83.3,198,159,S&T (Points/Crossing),18.42
38.6,2,42.2,372,219,Signal,45.89
26.8,0,21.7,399,67,S&T (Points/Crossing),55.94
35.5,4,98.5,297,126,OHE (Overhead Equipment),28.51
5.3,2,50.2,551,194,OHE (Overhead Equipment),34.2
23.3,4,76.9,265,45,Signal,39.03
30.0,3,44.9,655,21,S&T (Points/Crossing),48.84
21.2,3,68.5,517,167,OHE (Overhead Equipment),45.56
16.4,3,88.5,446,32,OHE (Overhead Equipment),20.46
39.1,3,71.1,93,90,OHE (Overhead Equipment),45.01
32.2,5,52.2,569,137,S&T (Points/Crossing),64.21
26.0,5,58.1,610,156,Signal,60.77
16.8,3,97.9,594,85,Signal,28.18
33.2,2,91.1,199,148,Signal,29.76
14.1,2,30.4,26,37,OHE (Overhead Equipment),33.0
5.4,2,99.9,543,22,S&T (Points/Crossing),10.49
9.8,2,95.8,244,27,Signal,14.07
39.7,1,76.6,272,39,Track (Rail/Ballast),33.67
7.9,5,56.1,324,21,Track (Rail/Ballast),38.88
20.0,1,84.5,560,59,OHE (Overhead Equipment),36.57
23.5,1,29.6,512,204,Track (Rail/Ballast),62.44
7.1,1,93.8,653,205,OHE (Overhead Equipment),34.05
26.3,3,69.0,395,151,OHE (Overhead Equipment),45.06
27.0,4,61.7,672,200,Track (Rail/Ballast),61.15
35.2,1,24.6,150,33,Track (Rail/Ballast),42.11
23.9,2,61.7,568,131,OHE (Overhead Equipment),46.92
38.5,0,27.6,105,60,S&T (Points/Crossing),44.51
10.0,3,28.5,535,184,OHE (Overhead Equipment),55.41
6.5,1,64.7,276,21,S&T (Points/Crossing),17.43
18.2,4,84.0,410,186,Signal,51.83
37.7,5,34.3,358,165,S&T (Points/Crossing),74.67
24.8,4,18.9,168,85,Signal,57.21
20.2,8,33.3,139,153,Track (Rail/Ballast),51.7
39.2,2,22.6,381,56,OHE (Overhead Equipment),50.99
34.7,4,15.5,658,39,S&T (Points/Crossing),57.92
36.3,0,43.1,104,23,S&T (Points/Crossing),30.59
31.1,1,85.3,686,120,OHE (Overhead Equipment),32.41
14.6,1,27.6,233,91,OHE (Overhead Equipment),49.49
35.8,2,65.1,15,211,Track (Rail/Ballast),31.71
34.3,4,72.2,367,60,Signal,38.25
14.6,1,40.7,54,71,S&T (Points/Crossing),31.78
9.3,4,34.7,327,177,Track (Rail/Ballast),48.52
21.4,2,70.4,85,123,OHE (Overhead Equipment),28.88
22.7,3,32.9,201,32,OHE (Overhead Equipment),48.01
10.4,3,99.2,544,73,Track (Rail/Ballast),23.67
10.1,7,26.7,711,46,S&T (Points/Crossing),61.04
11.6,2,16.7,267,69,S&T (Points/Crossing),48.42
33.6,4,41.2,118,147,S&T (Points/Crossing),51.27
5.2,1,58.0,122,145,S&T (Points/Crossing),37.29
17.7,2,46.7,154,49,Track (Rail/Ballast),24.6
5.3,2,57.8,498,141,S&T (Points/Crossing),40.95
31.8,5,43.0,307,79,Signal,50.91
19.4,1,23.9,229,157,Track (Rail/Ballast),49.18
12.8,3,47.1,119,151,Signal,41.8
3.0,3,62.0,102,193,OHE (Overhead Equipment),41.25
38.1,6,67.2,450,99,OHE (Overhead Equipment),49.14
36.0,1,50.6,553,119,Signal,43.63
23.3,2,34.6,129,185,Track (Rail/Ballast),39.81
1.6,1,75.4,337,62,S&T (Points/Crossing),29.33
25.2,1,31.5,415,44,Signal,52.42
20.9,2,36.7,645,107,S&T (Points/Crossing),45.94
23.3,3,37.4,160,204,S&T (Points/Crossing),43.66
20.7,1,21.7,447,178,Signal,55.53
18.9,1,65.6,475,192,OHE (Overhead Equipment),31.55
23.1,3,67.3,610,131,Track (Rail/Ballast),41.65
2.8,2,43.8,7,66,OHE (Overhead Equipment),31.67
31.9,2,38.7,493,155,Track (Rail/Ballast),51.23
21.9,1,25.9,124,133,S&T (Points/Crossing),58.57
18.8,3,41.7,240,165,Track (Rail/Ballast),36.9
25.7,0,11.7,703,48,Track (Rail/Ballast),58.47
9.5,3,13.8,278,217,Signal,52.5
39.0,3,44.9,176,105,Track (Rail/Ballast),53.04
14.5,0,94.2,305,25,OHE (Overhead Equipment),9.71
9.0,2,46.6,444,39,OHE (Overhead Equipment),34.28
39.5,2,69.4,288,90,Signal,48.62
25.9,0,78.7,391,198,OHE (Overhead Equipment),32.28
20.8,4,90.2,542,41,S&T (Points/Crossing),28.8
15.6,2,55.4,718,156,S&T (Points/Crossing),55.83
20.0,1,69.5,286,119,Signal,36.75
39.1,3,37.9,711,101,Track (Rail/Ballast),60.93
34.4,2,46.8,693,51,Signal,56.56
31.5,3,66.3,71,17,Signal,28.94
16.0,1,54.9,410,44,S&T (Points/Crossing),38.85
18.0,0,54.5,364,91,S&T (Points/Crossing),30.14
20.8,4,28.6,621,59,S&T (Points/Crossing),62.72
39.8,0,13.0,649,46,S&T (Points/Crossing),69.54
31.7,1,46.7,56,167,S&T (Points/Crossing),42.26
33.5,3,72.0,261,136,Track (Rail/Ballast),42.1
35.8,0,84.2,652,210,Signal,43.24
17.1,1,70.5,718,120,S&T (Points/Crossing),39.31
27.2,2,30.1,98,150,OHE (Overhead Equipment),42.85
36.4,4,99.1,355,75,Signal,30.43
34.6,2,23.2,581,207,Track (Rail/Ballast),63.74
22.9,3,60.9,49,79,Signal,33.97
34.2,2,43.6,452,210,S&T (Points/Crossing),45.84
13.9,0,29.4,182,143,OHE (Overhead Equipment),52.91
26.4,0,93.3,671,163,Signal,29.58
33.6,3,40.1,27,130,Signal,41.35
17.0,3,66.2,631,46,Signal,41.35
35.0,1,98.8,187,205,S&T (Points/Crossing),42.89
23.7,0,73.8,449,113,Signal,31.54
26.9,3,26.3,618,43,Track (Rail/Ballast),53.84
12.9,3,93.4,257,71,Track (Rail/Ballast),26.86
8.1,4,47.4,480,197,S&T (Points/Crossing),50.88
25.0,3,51.0,667,211,Track (Rail/Ballast),59.56
38.8,4,17.2,329,111,OHE (Overhead Equipment),70.05
7.7,1,81.0,637,40,OHE (Overhead Equipment),32.51
6.1,0,83.2,511,217,OHE (Overhead Equipment),28.94
39.4,1,79.3,481,117,Signal,37.01
14.4,2,96.1,588,53,S&T (Points/Crossing),27.79
36.7,2,15.5,484,26,Signal,53.53
9.7,2,96.4,505,216,OHE (Overhead Equipment),31.1
6.8,1,19.1,48,78,S&T (Points/Crossing),39.6
36.1,1,18.0,155,74,Signal,50.69
14.1,2,87.3,322,185,OHE (Overhead Equipment),20.98
29.8,1,23.3,384,181,Signal,55.85
33.9,2,63.3,106,211,Track (Rail/Ballast),37.83
3.6,2,89.8,52,108,S&T (Points/Crossing),6.43
1.4,0,66.5,74,197,Track (Rail/Ballast),30.36
12.2,6,91.4,210,171,Signal,30.67
17.7,3,20.5,202,34,Track (Rail/Ballast),51.28
2.5,3,40.0,343,33,OHE (Overhead Equipment),36.22
39.6,6,56.8,217,41,OHE (Overhead Equipment),47.18
25.1,3,64.0,532,194,Track (Rail/Ballast),55.85
32.0,6,39.9,11,192,Signal,40.7
16.2,2,62.0,571,29,OHE (Overhead Equipment),30.79
3.3,1,60.4,238,190,Signal,24.45
12.8,3,37.3,697,87,Track (Rail/Ballast),56.35
3.6,5,61.5,616,159,Track (Rail/Ballast),38.34
23.6,2,14.1,235,70,Signal,67.37
14.0,2,90.1,334,50,Signal,20.47
35.5,1,86.3,715,84,S&T (Points/Crossing),46.35
38.6,4,24.3,234,211,OHE (Overhead Equipment),52.87
36.3,2,68.9,473,16,Signal,47.35
29.8,1,56.9,102,195,Track (Rail/Ballast),39.46
9.7,2,66.6,411,201,Track (Rail/Ballast),34.88
5.6,3,81.6,136,26,OHE (Overhead Equipment),17.76
0.7,2,77.7,680,123,S&T (Points/Crossing),31.08
38.4,3,15.3,219,162,Signal,56.82
24.4,3,41.3,37,147,S&T (Points/Crossing),38.68
14.4,4,79.8,687,92,OHE (Overhead Equipment),38.94
15.6,7,53.0,617,168,S&T (Points/Crossing),62.17
2.0,1,84.8,73,116,OHE (Overhead Equipment),25.68
22.5,3,60.0,157,135,S&T (Points/Crossing),32.16
21.9,1,10.7,570,70,Track (Rail/Ballast),56.84
32.2,2,14.1,325,157,S&T (Points/Crossing),66.05
31.4,3,28.5,18,69,Track (Rail/Ballast),37.15
37.4,2,99.3,212,128,OHE (Overhead Equipment),34.41
19.3,1,40.4,553,88,OHE (Overhead Equipment),45.91
6.1,3,16.9,112,55,OHE (Overhead Equipment),40.08
22.1,0,78.6,281,90,Signal,17.27
29.8,2,31.3,441,114,Track (Rail/Ballast),62.42
3.2,3,30.0,17,94,Track (Rail/Ballast),31.33
13.4,2,25.5,524,91,OHE (Overhead Equipment),52.0
27.0,4,58.9,408,184,OHE (Overhead Equipment),44.23
2.6,2,48.5,301,161,S&T (Points/Crossing),39.23
24.4,2,93.5,145,129,Track (Rail/Ballast),19.56
23.3,0,43.7,508,60,Signal,51.76
2.6,2,14.3,526,109,S&T (Points/Crossing),44.95
27.4,0,52.0,680,31,OHE (Overhead Equipment),36.34
18.2,3,97.9,697,22,OHE (Overhead Equipment),38.48
12.1,1,10.9,599,95,Track (Rail/Ballast),62.95
32.7,5,57.4,254,52,Signal,43.87
16.7,2,68.6,99,129,S&T (Points/Crossing),34.37
20.1,2,20.6,440,179,S&T (Points/Crossing),54.91
9.6,2,88.4,726,129,Track (Rail/Ballast),41.23
32.4,2,13.3,166,34,Signal,43.44
5.5,1,39.2,442,209,S&T (Points/Crossing),47.4
19.5,3,89.7,103,36,S&T (Points/Crossing),13.4
33.5,2,32.8,79,49,Track (Rail/Ballast),39.86
14.5,2,85.5,178,116,Track (Rail/Ballast),16.21
7.9,2,52.8,138,75,OHE (Overhead Equipment),25.99
6.3,3,34.0,718,107,Signal,52.02
37.2,6,98.6,492,212,Track (Rail/Ballast),51.95
28.6,2,31.6,567,29,OHE (Overhead Equipment),45.49
29.9,2,83.0,219,93,Signal,33.71
27.4,2,87.3,526,209,Signal,49.79
34.9,1,85.1,703,123,Track (Rail/Ballast),48.08
28.3,2,69.8,290,204,OHE (Overhead Equipment),43.67
32.9,1,46.7,24,78,S&T (Points/Crossing),36.2
27.6,1,61.6,549,49,OHE (Overhead Equipment),48.63
2.6,2,86.4,231,202,Signal,28.6
16.9,1,98.3,477,87,OHE (Overhead Equipment),22.88
22.8,1,64.9,559,199,Track (Rail/Ballast),49.14
6.4,2,17.1,404,126,Track (Rail/Ballast),45.47
29.8,1,46.5,106,70,S&T (Points/Crossing),34.19
16.5,1,19.3,506,192,OHE (Overhead Equipment),54.36
32.7,5,99.0,703,143,Track (Rail/Ballast),48.45
3.7,3,47.9,703,63,Signal,42.96
2.0,3,90.2,139,192,Signal,22.47
16.8,1,74.2,641,215,S&T (Points/Crossing),45.94
35.6,1,94.5,65,136,OHE (Overhead Equipment),9.94
14.0,0,70.8,122,179,Track (Rail/Ballast),23.23
25.6,1,78.8,646,153,S&T (Points/Crossing),44.9
21.1,3,15.7,115,113,Track (Rail/Ballast),49.49
15.2,1,32.4,120,118,S&T (Points/Crossing),41.22
3.9,4,80.4,618,19,OHE (Overhead Equipment),35.96
24.4,1,99.3,194,81,Track (Rail/Ballast),27.41
31.1,2,69.7,403,56,S&T (Points/Crossing),29.68
16.6,3,55.2,199,62,Track (Rail/Ballast),41.29
33.5,6,35.9,244,16,Track (Rail/Ballast),51.19
21.9,2,25.1,658,95,S&T (Points/Crossing),63.47
16.9,2,74.0,715,207,S&T (Points/Crossing),45.05
27.6,0,86.2,260,197,Signal,27.05
18.1,2,21.4,414,119,Track (Rail/Ballast),55.16
16.5,4,81.8,558,33,Signal,34.05
11.5,2,84.9,239,199,Signal,20.17
14.4,0,69.4,187,55,OHE (Overhead Equipment),25.9
19.4,7,40.5,360,145,Track (Rail/Ballast),51.67
39.5,0,52.0,145,168,Track (Rail/Ballast),38.43
16.4,2,87.9,559,219,Track (Rail/Ballast),37.98
2.4,1,79.2,443,141,Track (Rail/Ballast),31.54
27.5,0,34.0,217,75,Track (Rail/Ballast),38.63
12.7,4,44.1,165,85,S&T (Points/Crossing),39.54
38.7,0,40.3,22,175,Track (Rail/Ballast),42.37
9.4,4,84.0,704,212,S&T (Points/Crossing),52.73
20.7,3,29.8,33,29,Track (Rail/Ballast),38.61
9.9,1,16.9,369,219,OHE (Overhead Equipment),62.19
26.0,3,14.7,136,30,Track (Rail/Ballast),34.02
2.9,1,39.2,322,147,S&T (Points/Crossing),51.95
19.0,4,61.4,9,71,Signal,17.22
0.6,4,42.9,62,153,Signal,33.53
13.5,1,14.1,380,194,Track (Rail/Ballast),54.83
13.5,3,10.8,448,129,OHE (Overhead Equipment),55.34
12.6,1,42.1,49,213,OHE (Overhead Equipment),37.22
5.8,4,34.2,460,62,Track (Rail/Ballast),52.38
6.3,2,14.8,417,134,Signal,55.59
23.3,1,76.3,21,186,S&T (Points/Crossing),24.34
38.3,1,45.9,32,40,OHE (Overhead Equipment),32.65
38.3,3,68.0,553,129,Track (Rail/Ballast),54.44
25.9,5,87.0,5,52,S&T (Points/Crossing),30.94
13.9,3,70.5,498,29,Signal,25.01
21.4,3,49.6,675,95,S&T (Points/Crossing),52.95
26.1,2,45.9,690,64,Track (Rail/Ballast),50.78
26.6,2,38.8,372,107,OHE (Overhead Equipment),56.17
6.7,1,25.4,411,202,Track (Rail/Ballast),45.8
18.0,3,69.0,415,190,Signal,39.5
1.3,2,89.5,387,88,Signal,21.0
6.5,2,76.3,460,134,Track (Rail/Ballast),29.54
32.4,0,41.9,282,158,Signal,45.36
37.9,3,50.4,12,203,Track (Rail/Ballast),41.3
29.8,1,13.1,528,80,Signal,54.76
10.8,1,35.4,644,79,Signal,54.76
35.1,0,23.3,200,97,Signal,51.52
26.0,1,38.0,161,112,Track (Rail/Ballast),37.32
8.2,2,83.3,331,91,Signal,31.02
1.0,1,17.3,729,201,OHE (Overhead Equipment),55.31
27.7,1,95.8,462,32,Track (Rail/Ballast),32.62
23.7,3,76.3,28,57,Track (Rail/Ballast),26.66
39.4,2,84.6,94,176,Signal,38.15
29.2,3,56.4,90,178,Track (Rail/Ballast),43.75
39.5,1,58.6,701,55,Signal,62.36
33.4,0,10.3,47,144,OHE (Overhead Equipment),55.43
23.4,1,88.0,23,97,Track (Rail/Ballast),19.66
15.5,1,63.4,210,119,Signal,34.91
38.8,5,15.4,228,101,S&T (Points/Crossing),70.98
2.6,2,74.3,607,218,S&T (Points/Crossing),28.3
6.8,3,56.0,554,139,S&T (Points/Crossing),38.95
14.2,2,23.7,386,109,Signal,53.04
38.1,4,82.9,75,40,Track (Rail/Ballast),23.4
36.4,6,82.3,336,86,S&T (Points/Crossing),34.79
33.6,3,43.8,359,46,OHE (Overhead Equipment),49.11
10.4,3,46.4,54,179,S&T (Points/Crossing),33.1
17.9,1,59.0,91,154,Track (Rail/Ballast),24.08
34.0,3,58.6,579,211,S&T (Points/Crossing),54.39
38.8,0,26.5,579,34,Track (Rail/Ballast),62.83
30.0,2,14.6,227,63,S&T (Points/Crossing),42.59
36.7,1,79.8,51,219,Track (Rail/Ballast),43.24
23.9,6,69.0,25,212,Track (Rail/Ballast),44.5
11.6,3,56.7,468,99,OHE (Overhead Equipment),43.04
34.9,1,49.8,550,131,S&T (Points/Crossing),30.97
13.6,2,77.2,150,217,Track (Rail/Ballast),22.89
16.4,5,25.4,482,197,S&T (Points/Crossing),66.06
29.5,2,11.9,270,138,Signal,61.77
16.1,0,95.2,19,138,Signal,2.68
33.4,1,13.4,555,20,S&T (Points/Crossing),61.4
22.8,3,94.2,211,113,OHE (Overhead Equipment),28.6
21.2,3,92.7,155,38,S&T (Points/Crossing),18.58
30.3,2,58.0,214,192,Signal,34.02
10.5,1,16.2,137,158,S&T (Points/Crossing),44.53
28.4,0,25.7,632,203,S&T (Points/Crossing),71.9
24.3,2,27.7,378,140,Track (Rail/Ballast),58.24
24.0,5,45.3,189,60,OHE (Overhead Equipment),44.52
12.5,0,58.2,124,161,Signal,28.77
20.6,2,94.1,569,126,S&T (Points/Crossing),33.83
24.4,3,80.4,228,17,OHE (Overhead Equipment),26.49
26.6,3,34.7,415,23,Track (Rail/Ballast),44.24
33.1,3,44.8,15,19,S&T (Points/Crossing),33.58
11.3,1,16.4,526,159,OHE (Overhead Equipment),56.27
17.3,5,55.8,55,132,Track (Rail/Ballast),33.39
9.3,1,75.4,131,175,Track (Rail/Ballast),20.71
17.8,0,75.1,615,97,Signal,30.4
11.7,3,77.5,14,106,S&T (Points/Crossing),24.65
19.8,0,10.2,288,192,Track (Rail/Ballast),54.24
23.6,4,20.6,134,33,Signal,55.34
37.7,3,17.1,76,62,OHE (Overhead Equipment),55.42
18.1,1,19.2,727,204,Track (Rail/Ballast),73.06
14.6,3,35.8,367,82,OHE (Overhead Equipment),44.13
8.7,4,34.0,243,30,Track (Rail/Ballast),35.06
37.3,3,44.2,274,214,Track (Rail/Ballast),60.07
37.1,0,98.8,370,79,Track (Rail/Ballast),18.26
31.2,2,90.2,304,203,S&T (Points/Crossing),37.36
4.9,1,38.7,521,156,OHE (Overhead Equipment),50.2
39.7,1,47.6,592,123,S&T (Points/Crossing),53.41
3.0,2,11.7,507,200,OHE (Overhead Equipment),59.47
34.8,1,69.2,348,190,Signal,39.27
21.8,0,60.0,579,81,Track (Rail/Ballast),34.15
13.8,3,50.9,652,162,Signal,55.46
6.0,3,80.2,249,210,Track (Rail/Ballast),33.42
4.0,0,85.6,425,85,Track (Rail/Ballast),20.61
32.1,1,50.1,204,213,S&T (Points/Crossing),45.42
18.4,4,23.2,393,44,Signal,57.28
18.7,2,91.3,58,139,S&T (Points/Crossing),16.66
13.1,0,20.4,640,60,Signal,47.78
8.4,1,97.9,683,211,OHE (Overhead Equipment),33.66
31.5,1,12.0,42,31,S&T (Points/Crossing),48.38
15.9,1,93.6,340,145,Signal,26.88
22.4,7,65.6,450,128,Track (Rail/Ballast),43.79
5.5,1,18.1,356,193,S&T (Points/Crossing),45.51
21.3,2,11.7,422,107,Signal,57.47
33.9,4,92.1,117,188,Track (Rail/Ballast),39.41
9.6,4,92.1,182,44,S&T (Points/Crossing),17.04
30.8,2,25.9,652,172,Signal,69.46
34.2,1,18.9,715,200,Signal,67.67
2.4,0,37.8,127,117,Signal,49.32
30.0,0,56.3,39,215,Signal,44.07
14.5,2,49.2,327,160,Track (Rail/Ballast),37.05
7.5,6,73.5,288,97,Track (Rail/Ballast),35.13
30.2,1,85.4,485,141,Track (Rail/Ballast),42.51
9.3,5,66.4,289,205,Track (Rail/Ballast),41.71
20.9,2,92.1,326,184,Signal,41.81
16.3,4,76.0,24,121,S&T (Points/Crossing),20.14
36.1,2,86.9,259,16,OHE (Overhead Equipment),21.32
11.2,2,45.7,178,50,Signal,32.17
16.3,1,68.2,623,65,S&T (Points/Crossing),42.14
11.0,0,31.5,529,49,Signal,43.02
29.2,1,27.6,513,50,Signal,58.07
11.9,0,82.6,182,139,S&T (Points/Crossing),26.07
12.9,2,78.5,36,22,S&T (Points/Crossing),15.21
22.3,2,80.6,323,98,OHE (Overhead Equipment),23.33
24.1,3,31.7,712,194,Signal,64.95
15.1,1,70.6,271,208,OHE (Overhead Equipment),28.53
2.1,3,23.5,386,28,Signal,54.8
36.5,2,26.3,98,148,Track (Rail/Ballast),59.25
2.8,2,73.4,500,73,Signal,30.94
9.5,2,58.6,707,180,Signal,45.98
26.1,1,93.6,184,165,OHE (Overhead Equipment),30.57
31.6,1,76.9,342,27,Signal,37.31
18.8,2,28.6,217,83,Track (Rail/Ballast),46.67
2.7,2,27.1,5,175,Signal,41.55
20.7,1,44.8,200,156,OHE (Overhead Equipment),40.23
19.7,0,35.0,439,117,S&T (Points/Crossing),55.48
14.1,0,26.2,553,54,Track (Rail/Ballast),44.46
37.1,4,92.0,348,171,Signal,35.71
18.2,3,31.1,620,110,Track (Rail/Ballast),50.61
31.0,2,78.2,190,182,OHE (Overhead Equipment),36.36
12.8,3,59.1,90,59,Signal,33.27
10.6,2,59.7,138,26,Track (Rail/Ballast),36.77
31.7,1,63.8,722,124,S&T (Points/Crossing),49.68
39.4,5,37.4,583,156,S&T (Points/Crossing),66.62
11.7,4,24.4,424,211,Signal,58.66
30.3,0,98.4,447,28,S&T (Points/Crossing),9.32
22.4,2,27.9,437,161,OHE (Overhead Equipment),62.52
1.5,2,36.0,181,32,Track (Rail/Ballast),20.68
17.6,2,44.3,134,72,Track (Rail/Ballast),27.49
14.6,2,18.1,293,74,Track (Rail/Ballast),46.62
18.4,3,29.7,679,138,Track (Rail/Ballast),60.27
20.1,0,13.9,614,142,OHE (Overhead Equipment),56.66
1.3,4,41.4,663,81,Track (Rail/Ballast),47.52
16.5,4,85.9,128,201,OHE (Overhead Equipment),30.03
9.7,1,96.3,203,18,Signal,15.8
25.1,1,59.2,436,139,OHE (Overhead Equipment),39.79
30.5,2,70.4,432,122,Signal,49.97
37.8,4,63.6,642,217,S&T (Points/Crossing),57.76
31.1,1,49.2,294,105,S&T (Points/Crossing),39.74
28.7,4,41.6,525,197,OHE (Overhead Equipment),53.52
14.4,3,44.4,132,40,OHE (Overhead Equipment),31.53
12.1,1,93.5,118,182,OHE (Overhead Equipment),25.53
24.7,4,81.9,433,134,S&T (Points/Crossing),44.92
8.0,4,22.1,322,100,Track (Rail/Ballast),43.91
29.8,2,36.8,594,67,Track (Rail/Ballast),52.07
26.4,3,92.8,285,134,S&T (Points/Crossing),31.82
17.6,5,37.2,612,192,S&T (Points/Crossing),56.49
36.1,1,75.1,73,143,Signal,32.71
23.8,2,80.3,583,53,Signal,43.98
12.0,2,64.2,505,169,S&T (Points/Crossing),48.94
28.5,1,23.0,147,149,OHE (Overhead Equipment),58.7
14.4,4,73.2,536,164,S&T (Points/Crossing),46.56
37.9,1,46.2,502,69,OHE (Overhead Equipment),52.63
18.9,2,74.9,130,126,S&T (Points/Crossing),20.69
16.6,3,61.6,258,23,Track (Rail/Ballast),28.09
9.1,2,47.5,88,28,OHE (Overhead Equipment),18.44
24.3,2,71.5,704,19,Track (Rail/Ballast),38.39
14.5,1,80.9,559,64,OHE (Overhead Equipment),36.28
17.9,5,63.5,70,207,S&T (Points/Crossing),39.89
31.7,0,10.9,515,135,S&T (Points/Crossing),64.18
28.7,1,66.1,145,57,Signal,27.89
16.1,2,86.5,373,107,Signal,26.28
17.9,2,30.5,66,19,Signal,35.97
21.7,3,75.6,357,53,OHE (Overhead Equipment),38.41
21.6,3,91.4,86,30,S&T (Points/Crossing),28.05
4.4,0,51.3,82,193,Track (Rail/Ballast),26.24
8.6,1,79.5,157,144,OHE (Overhead Equipment),27.49
20.6,1,18.2,516,167,OHE (Overhead Equipment),58.97
36.3,3,90.0,218,187,Track (Rail/Ballast),37.81
32.4,1,75.5,688,190,Track (Rail/Ballast),55.25
38.7,5,91.0,567,23,Signal,38.99
24.6,3,19.9,23,210,Track (Rail/Ballast),48.45
20.9,0,96.8,397,125,OHE (Overhead Equipment),18.6
38.5,1,85.8,350,115,OHE (Overhead Equipment),31.87
25.6,4,14.1,77,20,Track (Rail/Ballast),56.9
9.7,3,49.8,159,58,OHE (Overhead Equipment),29.41
6.5,1,70.9,596,35,S&T (Points/Crossing),28.62
29.3,1,18.0,93,82,Track (Rail/Ballast),39.52
24.5,3,48.0,363,52,OHE (Overhead Equipment),38.0
36.9,2,79.5,335,159,S&T (Points/Crossing),36.93
31.4,4,85.4,254,131,S&T (Points/Crossing),46.89
7.4,7,90.4,519,90,Track (Rail/Ballast),31.77
18.7,0,49.8,275,176,S&T (Points/Crossing),38.88
1.1,1,44.7,538,174,S&T (Points/Crossing),52.44
0.5,0,93.9,696,161,Track (Rail/Ballast),39.85
18.4,1,16.6,124,194,Signal,38.71
5.1,2,74.4,687,88,S&T (Points/Crossing),29.38
36.1,5,58.6,491,199,OHE (Overhead Equipment),61.72
26.7,6,93.1,422,92,Track (Rail/Ballast),42.89
25.7,2,11.6,689,69,Signal,63.55
29.0,3,53.7,676,25,Signal,55.15
22.6,0,11.1,684,116,Signal,50.13
24.9,2,56.2,693,47,S&T (Points/Crossing),37.63
33.0,1,21.0,443,33,S&T (Points/Crossing),54.62
2.5,2,14.5,163,15,Signal,29.16
14.2,0,54.8,355,58,OHE (Overhead Equipment),26.68
14.4,5,67.2,297,196,OHE (Overhead Equipment),40.08
14.5,4,39.2,223,148,Track (Rail/Ballast),52.48
37.1,3,73.5,612,124,OHE (Overhead Equipment),50.48
20.4,2,71.5,486,26,Track (Rail/Ballast),43.58
34.1,0,28.4,255,94,Signal,47.3
9.5,1,24.3,580,136,Track (Rail/Ballast),46.51
3.8,1,90.3,723,41,OHE (Overhead Equipment),33.84
12.9,0,68.3,591,88,Signal,34.62
23.5,2,69.2,354,123,OHE (Overhead Equipment),28.0
31.3,4,90.4,547,209,Signal,44.37
33.7,2,79.2,526,155,Track (Rail/Ballast),34.73
37.4,4,99.9,448,152,Signal,27.88
23.5,1,97.7,370,60,OHE (Overhead Equipment),20.04
31.5,2,79.2,377,149,Signal,26.47
39.6,1,87.2,374,22,OHE (Overhead Equipment),32.51
33.0,3,56.0,271,48,Track (Rail/Ballast),42.4
22.5,2,87.8,284,173,Signal,30.08
1.6,3,67.9,159,21,OHE (Overhead Equipment),17.92
6.9,4,43.8,371,155,OHE (Overhead Equipment),34.12
16.1,5,87.9,284,214,S&T (Points/Crossing),27.5
26.7,2,39.7,252,75,S&T (Points/Crossing),58.46
23.0,3,27.6,513,154,Track (Rail/Ballast),47.34
5.2,2,52.7,252,175,Track (Rail/Ballast),40.9
34.6,3,22.1,305,159,Track (Rail/Ballast),56.23
28.0,1,65.1,487,130,OHE (Overhead Equipment),54.12
22.9,3,81.3,131,200,S&T (Points/Crossing),30.56
9.9,1,60.1,221,162,Signal,22.84
12.4,1,15.8,113,128,S&T (Points/Crossing),33.52
8.0,3,66.4,552,205,S&T (Points/Crossing),51.57
8.8,5,95.0,111,43,Track (Rail/Ballast),7.77
36.9,2,55.6,573,159,OHE (Overhead Equipment),53.2
13.9,1,57.8,341,116,OHE (Overhead Equipment),39.67
33.1,1,64.6,324,68,S&T (Points/Crossing),44.53
8.5,2,80.2,400,210,S&T (Points/Crossing),29.12
37.5,0,28.9,363,165,OHE (Overhead Equipment),75.02
34.1,4,61.4,111,200,S&T (Points/Crossing),44.67
35.0,1,58.2,341,112,S&T (Points/Crossing),52.51
9.8,3,50.4,146,36,OHE (Overhead Equipment),30.44
5.3,0,42.9,82,66,S&T (Points/Crossing),20.95
30.0,1,96.5,598,199,OHE (Overhead Equipment),33.55
1.8,2,34.2,84,200,Track (Rail/Ballast),42.28
25.1,2,91.7,449,154,S&T (Points/Crossing),37.46
4.0,4,68.8,583,210,OHE (Overhead Equipment),44.87
26.2,0,19.4,118,75,Track (Rail/Ballast),54.46
11.9,6,81.1,438,36,Track (Rail/Ballast),38.46
18.6,2,48.0,100,150,S&T (Points/Crossing),31.37
12.8,4,30.5,577,46,Signal,43.07
10.7,0,74.8,686,52,OHE (Overhead Equipment),39.52
25.0,4,57.7,103,159,S&T (Points/Crossing),38.25
14.4,3,35.8,229,34,S&T (Points/Crossing),28.92
37.9,4,97.3,134,64,S&T (Points/Crossing),34.73
31.4,3,97.3,725,65,S&T (Points/Crossing),43.11
26.8,0,85.8,466,54,S&T (Points/Crossing),34.57
17.9,2,88.0,627,53,Track (Rail/Ballast),38.75
31.4,2,84.1,218,62,S&T (Points/Crossing),28.28
11.9,1,79.5,410,131,S&T (Points/Crossing),27.97
37.4,2,37.7,470,202,Track (Rail/Ballast),59.11
39.3,1,92.5,457,180,Signal,36.62
0.8,5,29.3,488,41,Track (Rail/Ballast),44.97
30.9,1,24.0,112,40,Track (Rail/Ballast),45.04
12.6,1,20.3,185,170,Track (Rail/Ballast),44.62
18.5,2,17.2,553,178,Track (Rail/Ballast),66.3
4.2,1,92.0,634,97,Track (Rail/Ballast),28.83
25.4,2,69.9,134,42,Track (Rail/Ballast),29.66
12.9,3,21.2,203,151,S&T (Points/Crossing),43.34
18.0,4,21.3,217,206,OHE (Overhead Equipment),56.8
1.2,1,55.4,727,50,OHE (Overhead Equipment),35.68
26.8,2,25.7,463,47,S&T (Points/Crossing),53.81
14.1,2,34.2,644,201,Track (Rail/Ballast),51.41
24.2,1,55.4,387,72,Track (Rail/Ballast),41.61
27.3,3,70.8,181,41,S&T (Points/Crossing),35.88
14.1,2,63.4,489,158,Signal,47.99
1.5,1,47.4,75,42,Signal,20.89
4.0,5,30.9,315,218,OHE (Overhead Equipment),42.9
11.6,3,97.1,693,22,OHE (Overhead Equipment),25.36
11.3,1,99.9,650,92,OHE (Overhead Equipment),18.67
19.0,1,37.8,665,139,Track (Rail/Ballast),42.35
31.7,2,82.5,266,184,Signal,38.07
28.5,2,27.3,310,143,Signal,53.27
27.4,2,14.6,384,212,OHE (Overhead Equipment),74.28
39.2,3,55.5,64,18,Signal,40.33
21.5,2,77.1,591,70,OHE (Overhead Equipment),29.23
31.7,2,18.9,136,202,S&T (Points/Crossing),44.72
26.9,2,88.1,616,111,Track (Rail/Ballast),34.89
25.8,4,33.1,134,142,Signal,49.29
32.3,2,56.3,200,179,Signal,44.76
28.5,1,24.9,104,182,Signal,51.97
21.7,2,75.5,209,158,OHE (Overhead Equipment),25.46
16.7,2,82.4,614,29,S&T (Points/Crossing),42.98
2.1,2,54.3,74,131,Signal,25.44
27.1,3,10.0,314,183,Track (Rail/Ballast),70.76
28.4,1,24.7,212,121,S&T (Points/Crossing),46.94
37.2,2,12.9,126,193,S&T (Points/Crossing),56.96
31.2,0,93.3,559,167,S&T (Points/Crossing),44.78
27.8,1,30.4,578,178,Track (Rail/Ballast),55.57
11.9,3,24.5,98,63,Signal,43.9
2.8,2,10.0,28,192,Track (Rail/Ballast),39.43
15.9,2,86.2,458,200,S&T (Points/Crossing),29.56
35.8,3,30.4,551,63,S&T (Points/Crossing),65.46
25.2,1,86.4,21,150,S&T (Points/Crossing),19.68
11.9,4,76.5,344,75,Signal,35.65
2.7,3,93.3,703,199,Track (Rail/Ballast),47.26
10.2,3,97.0,98,182,Track (Rail/Ballast),27.97
18.7,3,89.2,657,90,OHE (Overhead Equipment),33.24
19.3,5,37.0,599,60,S&T (Points/Crossing),50.42
26.7,4,19.6,231,59,Signal,64.39
5.7,2,85.4,314,42,OHE (Overhead Equipment),24.49
20.0,0,72.9,210,110,S&T (Points/Crossing),21.3
31.7,4,51.0,34,98,OHE (Overhead Equipment),45.3
4.1,2,78.0,702,111,Signal,33.58
23.0,0,65.1,256,82,OHE (Overhead Equipment),36.56
17.5,2,76.0,173,206,Signal,34.33
26.5,0,29.2,7,118,S&T (Points/Crossing),43.35
31.4,3,62.8,591,172,OHE (Overhead Equipment),61.73
38.5,3,17.9,299,100,S&T (Points/Crossing),61.52
27.1,2,80.9,270,89,Signal,28.02
23.4,3,20.1,100,90,Signal,57.78
2.5,3,55.9,174,171,S&T (Points/Crossing),35.19
28.8,2,92.9,689,71,S&T (Points/Crossing),30.45
30.9,1,98.2,521,18,Signal,21.68
7.0,3,66.0,697,90,OHE (Overhead Equipment),50.35
36.8,4,52.7,589,52,OHE (Overhead Equipment),56.19
22.6,1,23.9,620,97,Signal,63.0
10.1,3,23.8,432,81,OHE (Overhead Equipment),43.5
25.0,1,80.8,63,206,OHE (Overhead Equipment),29.28
6.9,0,23.8,575,45,Signal,57.06
26.3,1,79.6,450,63,Signal,35.98
15.4,2,20.2,298,160,OHE (Overhead Equipment),55.05
4.4,4,83.9,422,119,Track (Rail/Ballast),26.41
4.2,0,34.5,563,202,Signal,50.4
22.7,3,31.1,154,61,Signal,39.26
8.7,2,34.6,383,127,Signal,46.71
25.5,2,39.5,499,194,S&T (Points/Crossing),53.25
1.5,2,86.4,540,54,OHE (Overhead Equipment),23.1
17.1,2,82.7,384,40,OHE (Overhead Equipment),34.17
32.4,1,76.9,46,148,Signal,37.66
28.7,1,44.9,650,56,Signal,51.58
29.0,1,35.4,149,56,OHE (Overhead Equipment),42.48
38.2,4,89.0,53,86,Track (Rail/Ballast),25.02
0.8,5,84.5,679,108,OHE (Overhead Equipment),43.8
15.5,1,74.7,724,192,Signal,48.73
31.7,6,72.6,106,67,Track (Rail/Ballast),42.58
9.9,2,79.9,729,179,S&T (Points/Crossing),39.51
8.5,2,14.5,588,182,OHE (Overhead Equipment),63.54
7.5,2,35.1,494,103,OHE (Overhead Equipment),34.45
13.7,3,37.7,308,161,Signal,47.64
17.6,2,93.1,165,25,OHE (Overhead Equipment),26.39
31.9,2,15.3,545,128,S&T (Points/Crossing),73.2
7.4,3,46.5,149,140,S&T (Points/Crossing),38.79
21.4,5,75.6,335,76,S&T (Points/Crossing),29.0
3.5,2,65.9,646,31,S&T (Points/Crossing),30.24
20.2,1,48.0,568,104,S&T (Points/Crossing),46.8
32.8,7,10.2,229,203,OHE (Overhead Equipment),66.96
32.4,0,67.5,556,211,Track (Rail/Ballast),49.42
32.3,0,44.0,105,133,S&T (Points/Crossing),34.44
2.0,1,49.6,180,46,S&T (Points/Crossing),32.56
39.9,3,29.0,191,176,Track (Rail/Ballast),57.56
36.5,1,22.9,60,87,Signal,51.81
9.1,2,72.3,213,142,S&T (Points/Crossing),35.48
31.8,2,27.5,388,115,OHE (Overhead Equipment),59.13
9.5,3,48.5,242,152,S&T (Points/Crossing),34.23
35.1,2,37.8,6,82,OHE (Overhead Equipment),39.34
3.1,1,53.2,710,65,Signal,28.04
1.9,4,34.7,240,61,Track (Rail/Ballast),30.62
19.5,2,27.1,115,202,S&T (Points/Crossing),49.38
15.0,3,54.6,74,184,Track (Rail/Ballast),34.38
31.8,1,25.6,40,151,Signal,47.6
15.8,2,54.6,93,49,Track (Rail/Ballast),32.92
33.0,1,65.1,188,196,Track (Rail/Ballast),48.95
6.9,1,55.9,156,95,Signal,28.59
17.0,3,56.1,347,126,Track (Rail/Ballast),40.89
37.9,1,85.2,50,177,OHE (Overhead Equipment),28.24
27.3,0,78.4,309,102,OHE (Overhead Equipment),34.07
39.4,1,84.6,574,163,Track (Rail/Ballast),43.95
1.7,2,85.7,22,175,OHE (Overhead Equipment),8.42
16.9,3,84.5,143,175,Track (Rail/Ballast),37.67
39.1,3,25.2,361,173,OHE (Overhead Equipment),56.91
29.6,5,62.0,251,71,OHE (Overhead Equipment),30.63
35.7,0,29.3,559,128,Signal,56.74
37.1,4,88.1,170,32,S&T (Points/Crossing),23.47
4.9,0,40.2,611,147,Signal,47.2
18.8,0,37.9,525,68,OHE (Overhead Equipment),44.04
32.2,3,53.5,169,144,OHE (Overhead Equipment),34.81
12.4,1,42.1,177,173,Signal,33.25
27.9,4,52.3,148,98,Track (Rail/Ballast),48.57
36.2,0,49.8,327,86,S&T (Points/Crossing),41.64
33.2,2,96.8,727,157,OHE (Overhead Equipment),37.6
23.3,1,48.2,102,68,Signal,36.05
14.2,3,39.4,695,93,Signal,50.69
9.5,1,75.5,36,149,Signal,22.45
22.1,2,28.6,14,41,Signal,32.99
18.5,2,29.4,475,159,S&T (Points/Crossing),44.25
19.2,0,22.0,145,37,Track (Rail/Ballast),37.63
9.8,2,62.1,272,128,Track (Rail/Ballast),39.13
20.8,0,63.9,579,157,OHE (Overhead Equipment),33.34
14.0,3,11.1,435,45,Track (Rail/Ballast),48.22
5.3,2,27.8,439,42,OHE (Overhead Equipment),41.82
25.9,6,32.9,317,45,OHE (Overhead Equipment),56.24
33.2,0,91.0,636,170,Signal,46.66
36.9,3,15.0,441,150,OHE (Overhead Equipment),65.29
10.9,2,91.8,644,206,S&T (Points/Crossing),47.24
20.1,1,85.6,68,59,Track (Rail/Ballast),32.82
22.1,3,12.2,216,197,S&T (Points/Crossing),50.64
36.8,3,57.8,369,209,S&T (Points/Crossing),60.1
34.7,3,17.9,134,217,Track (Rail/Ballast),57.1
28.1,0,72.7,134,18,Track (Rail/Ballast),25.86
28.1,1,35.2,539,19,Track (Rail/Ballast),47.23
16.1,3,14.7,282,124,OHE (Overhead Equipment),41.63
17.1,0,66.2,586,110,OHE (Overhead Equipment),37.95
23.1,0,50.3,373,46,OHE (Overhead Equipment),34.69
37.5,3,88.9,276,20,OHE (Overhead Equipment),28.66
13.8,3,90.2,303,139,S&T (Points/Crossing),34.27
30.0,3,55.2,335,144,Signal,45.16
16.6,3,95.0,237,108,Signal,30.37
8.2,3,58.3,557,70,S&T (Points/Crossing),39.66
9.9,4,28.8,36,202,Signal,45.62
29.1,1,72.3,440,86,S&T (Points/Crossing),39.8
28.7,1,94.9,644,117,Track (Rail/Ballast),41.81
16.8,1,69.3,659,177,Track (Rail/Ballast),45.79
29.2,5,63.5,221,148,Track (Rail/Ballast),49.05
39.0,5,74.5,189,108,S&T (Points/Crossing),34.71
18.5,3,20.6,685,121,Signal,69.12
32.0,0,48.1,79,124,Track (Rail/Ballast),41.08
27.6,1,28.4,244,123,S&T (Points/Crossing),47.57
3.9,2,84.2,279,211,Track (Rail/Ballast),30.42
19.1,1,60.4,603,73,S&T (Points/Crossing),41.41
21.8,1,80.6,316,146,S&T (Points/Crossing),27.9
19.9,2,98.0,396,43,Signal,21.5
26.0,8,24.7,141,15,S&T (Points/Crossing),55.69
30.5,3,86.8,398,66,Signal,33.69
28.0,5,66.1,301,107,S&T (Points/Crossing),45.26
10.6,1,31.9,457,125,Signal,42.37
19.1,1,52.2,372,79,S&T (Points/Crossing),35.56
39.0,3,37.8,509,25,Signal,55.14
6.8,1,64.9,97,104,S&T (Points/Crossing),11.98
31.1,1,18.7,439,32,OHE (Overhead Equipment),56.97
17.5,0,76.6,174,72,OHE (Overhead Equipment),22.38
30.5,2,53.1,43,74,Signal,33.92
28.7,5,21.6,615,137,Signal,61.83
3.3,0,93.6,328,195,OHE (Overhead Equipment),16.02
12.2,0,32.0,376,159,OHE (Overhead Equipment),45.2
25.6,1,77.1,37,21,OHE (Overhead Equipment),25.52
21.5,0,59.2,567,205,S&T (Points/Crossing),38.4
22.3,2,39.0,152,212,Signal,47.22
13.9,4,87.4,268,137,OHE (Overhead Equipment),12.79
34.4,1,71.2,571,181,S&T (Points/Crossing),45.65
8.3,3,28.6,692,143,Signal,55.64
39.9,0,51.6,495,96,Signal,41.9
1.2,2,19.1,565,192,S&T (Points/Crossing),54.19
2.2,3,46.6,602,29,OHE (Overhead Equipment),49.44
4.1,3,83.8,517,152,S&T (Points/Crossing),37.68
22.3,1,53.3,350,19,Signal,32.2
22.9,2,81.4,482,37,Track (Rail/Ballast),25.32
31.8,3,37.2,162,192,Signal,58.88
9.7,1,61.2,568,103,OHE (Overhead Equipment),34.96
14.8,0,60.4,278,52,S&T (Points/Crossing),25.63
10.8,7,34.6,381,78,Track (Rail/Ballast),48.42
7.2,6,44.3,503,181,S&T (Points/Crossing),48.68
40.0,2,95.2,240,82,Track (Rail/Ballast),24.91
15.2,3,80.8,458,117,OHE (Overhead Equipment),32.42
17.3,2,68.9,564,81,Signal,45.16
1.4,5,86.7,382,120,Signal,12.08
22.8,0,55.6,177,99,Signal,33.58
8.6,3,83.2,594,99,Track (Rail/Ballast),27.05
16.2,2,86.4,350,213,Signal,33.87
35.8,2,99.0,61,94,Track (Rail/Ballast),26.72
27.9,2,10.8,495,71,OHE (Overhead Equipment),59.37
27.6,3,96.0,696,46,Signal,42.41
13.6,4,95.9,306,46,Track (Rail/Ballast),33.4
16.5,2,74.8,338,112,S&T (Points/Crossing),28.99
23.4,5,86.1,532,180,Signal,46.9
24.5,1,53.0,238,30,Signal,18.23
36.9,2,29.1,700,178,Track (Rail/Ballast),69.27
20.2,3,85.1,537,31,S&T (Points/Crossing),35.41
34.7,4,99.9,209,68,OHE (Overhead Equipment),20.18
12.5,2,13.7,436,190,Signal,64.4
6.3,2,92.1,217,143,Track (Rail/Ballast),22.37
1.0,0,52.1,441,84,OHE (Overhead Equipment),33.06
39.8,1,27.4,334,34,Signal,53.12
36.3,1,37.7,418,35,Signal,53.08
26.2,1,21.0,324,158,S&T (Points/Crossing),58.18
24.9,1,81.8,304,139,S&T (Points/Crossing),28.24
16.9,2,46.1,649,141,OHE (Overhead Equipment),55.67
8.1,5,51.0,398,52,Track (Rail/Ballast),35.21
20.7,3,63.2,270,51,S&T (Points/Crossing),43.26
24.0,3,55.4,514,176,Track (Rail/Ballast),41.0
11.4,5,54.3,210,194,Signal,49.94
24.8,2,47.0,94,218,OHE (Overhead Equipment),32.74
32.2,1,70.7,84,162,Signal,32.23
13.0,0,57.6,137,169,S&T (Points/Crossing),30.79
22.3,3,47.2,377,56,Signal,42.83
3.0,2,13.4,149,219,Signal,42.01
9.2,1,21.5,168,70,S&T (Points/Crossing),34.58
27.7,1,32.4,386,190,Signal,59.57
33.9,2,28.2,178,47,Signal,53.96
2.8,4,82.7,584,51,Track (Rail/Ballast),37.49
37.3,1,50.5,52,197,Track (Rail/Ballast),32.16
10.9,2,84.3,14,72,Signal,9.46
6.8,2,14.3,334,80,Signal,53.81
27.0,3,90.8,136,136,OHE (Overhead Equipment),20.64
12.1,3,41.2,665,117,Signal,63.69
21.8,2,80.1,493,162,Track (Rail/Ballast),54.45
23.9,4,37.8,92,105,S&T (Points/Crossing),49.99
25.1,2,76.1,715,116,Track (Rail/Ballast),43.87
11.2,2,75.4,623,96,Track (Rail/Ballast),30.52
38.6,2,66.4,297,105,Signal,34.24
31.1,6,45.4,63,193,OHE (Overhead Equipment),50.73
21.1,3,84.3,556,210,Signal,38.3
11.2,3,13.9,729,68,Signal,75.47
33.2,3,97.0,297,62,Track (Rail/Ballast),36.72
16.2,3,12.9,573,64,OHE (Overhead Equipment),48.37
26.3,2,24.2,431,130,Track (Rail/Ballast),56.05
7.4,3,49.4,629,26,Signal,35.62
7.4,2,26.3,43,219,S&T (Points/Crossing),46.1
32.5,2,32.5,158,117,Track (Rail/Ballast),44.89
15.0,4,78.8,694,105,OHE (Overhead Equipment),42.53
35.2,1,47.2,593,185,Signal,52.65
16.0,2,93.0,601,45,OHE (Overhead Equipment),32.33
29.1,5,62.1,370,153,Track (Rail/Ballast),46.36
5.1,4,37.4,325,218,S&T (Points/Crossing),55.36
39.6,2,10.5,476,91,Track (Rail/Ballast),65.88
37.0,3,14.5,394,65,Track (Rail/Ballast),52.3
7.7,2,10.1,342,18,Signal,47.16
24.6,1,77.4,660,149,Track (Rail/Ballast),39.68
10.0,4,43.0,289,180,OHE (Overhead Equipment),46.87
13.7,2,38.5,720,215,Signal,59.69
25.0,1,37.0,362,207,Signal,54.84
22.5,0,77.3,463,19,OHE (Overhead Equipment),26.09
19.5,3,81.8,170,209,OHE (Overhead Equipment),26.9
18.2,3,23.5,655,15,Signal,48.31
13.6,1,17.0,682,55,Signal,46.35
9.2,1,59.5,143,161,Signal,29.55
31.8,1,49.8,288,62,Signal,38.71
15.6,2,16.6,290,164,Signal,59.86
17.9,2,87.0,155,141,OHE (Overhead Equipment),33.85
6.1,3,79.6,554,36,S&T (Points/Crossing),25.63
9.5,2,92.4,696,67,S&T (Points/Crossing),26.76
27.3,2,52.9,266,50,S&T (Points/Crossing),41.43
15.7,1,13.1,717,35,S&T (Points/Crossing),61.43
36.3,2,28.7,598,60,Signal,56.17
19.8,4,47.3,57,192,Track (Rail/Ballast),39.19
1.1,1,65.4,236,189,OHE (Overhead Equipment),33.78
25.5,3,55.7,588,180,Signal,53.28
4.9,3,26.4,554,120,S&T (Points/Crossing),58.2
35.8,2,44.8,117,161,S&T (Points/Crossing),40.21
16.3,2,87.4,259,47,S&T (Points/Crossing),19.09
23.0,6,86.9,184,166,S&T (Points/Crossing),36.38
37.4,3,22.8,674,130,OHE (Overhead Equipment),68.21
29.9,9,28.3,208,118,S&T (Points/Crossing),63.98
14.5,1,61.1,299,210,Track (Rail/Ballast),40.95
24.5,1,93.0,702,151,OHE (Overhead Equipment),33.71
9.3,2,99.2,551,204,OHE (Overhead Equipment),38.46
6.0,1,42.4,77,169,OHE (Overhead Equipment),30.57
10.5,2,61.4,621,17,Track (Rail/Ballast),36.03
17.1,1,10.2,302,184,Track (Rail/Ballast),61.95
7.4,4,19.9,729,33,OHE (Overhead Equipment),52.83
28.8,2,17.8,486,135,Track (Rail/Ballast),73.29
30.5,3,80.5,698,184,OHE (Overhead Equipment),48.18
11.9,1,92.2,626,131,OHE (Overhead Equipment),34.88
26.2,3,94.3,540,42,S&T (Points/Crossing),28.01
21.3,0,14.6,722,185,Signal,71.06
20.9,1,97.7,361,138,Track (Rail/Ballast),22.68
6.3,1,46.6,574,168,Signal,37.58
28.6,0,32.2,507,164,Signal,64.79
10.0,3,66.9,416,20,Track (Rail/Ballast),28.18
18.5,2,71.0,305,15,Track (Rail/Ballast),24.86
39.9,1,84.6,514,181,Signal,37.8
12.8,4,79.7,45,106,OHE (Overhead Equipment),30.26
31.0,3,93.8,20,15,S&T (Points/Crossing),19.39
31.7,1,20.3,511,46,S&T (Points/Crossing),50.53
22.0,2,88.5,533,163,Track (Rail/Ballast),43.57
11.3,2,17.8,61,122,OHE (Overhead Equipment),51.39
6.8,3,34.7,39,139,Track (Rail/Ballast),41.42
39.8,1,19.7,475,63,S&T (Points/Crossing),66.02
38.3,3,66.2,50,47,S&T (Points/Crossing),41.41
13.2,2,59.7,251,143,Track (Rail/Ballast),29.17
28.5,2,92.1,470,112,Track (Rail/Ballast),36.95
35.4,1,85.4,258,178,S&T (Points/Crossing),46.42
7.7,1,90.1,203,105,S&T (Points/Crossing),19.93
7.1,2,46.2,521,29,Track (Rail/Ballast),38.04
14.5,2,37.0,8,147,S&T (Points/Crossing),39.99
3.2,1,70.8,48,157,Signal,30.51
3.7,1,88.1,331,71,OHE (Overhead Equipment),13.33
0.9,0,40.6,611,192,OHE (Overhead Equipment),46.44
30.1,3,40.0,299,47,S&T (Points/Crossing),44.65
14.4,4,66.5,231,72,S&T (Points/Crossing),29.15
35.1,1,45.3,305,138,OHE (Overhead Equipment),50.39
8.4,0,38.2,304,144,Signal,33.69
6.7,2,22.0,346,78,OHE (Overhead Equipment),52.28
16.3,7,33.9,664,27,Track (Rail/Ballast),57.64
31.1,1,69.4,571,176,Signal,47.87
25.6,2,44.8,58,196,Signal,45.07
20.8,0,64.4,303,27,Signal,30.36
13.7,1,88.8,479,141,S&T (Points/Crossing),26.23
10.7,1,12.9,250,96,Track (Rail/Ballast),37.37
32.8,2,70.2,645,37,OHE (Overhead Equipment),44.04
17.0,3,26.9,517,19,OHE (Overhead Equipment),41.67
10.6,1,37.1,553,201,S&T (Points/Crossing),48.62
12.7,4,21.0,498,199,Signal,48.44
34.0,4,59.7,575,113,Track (Rail/Ballast),55.4
18.1,1,38.2,60,126,Signal,39.04
16.6,6,18.3,642,88,OHE (Overhead Equipment),60.96
16.9,5,83.3,30,73,OHE (Overhead Equipment),33.21
4.5,0,61.8,449,201,OHE (Overhead Equipment),40.42
17.0,3,15.8,481,192,OHE (Overhead Equipment),61.58
34.4,2,69.6,352,91,OHE (Overhead Equipment),32.19
9.1,2,82.1,478,145,Track (Rail/Ballast),31.53
25.6,1,80.1,131,35,OHE (Overhead Equipment),25.01
8.7,0,74.1,185,78,Track (Rail/Ballast),22.65
9.8,4,54.7,440,128,Track (Rail/Ballast),38.61
12.1,3,67.3,726,94,Track (Rail/Ballast),48.66
24.6,3,54.3,71,146,OHE (Overhead Equipment),30.88
13.9,3,39.6,296,93,Track (Rail/Ballast),47.92
2.2,2,26.2,327,120,OHE (Overhead Equipment),47.09
0.5,2,39.3,170,121,Track (Rail/Ballast),42.65
8.6,2,82.1,49,86,Signal,21.21
36.1,1,37.3,321,197,S&T (Points/Crossing),62.74
14.7,2,17.0,395,43,Signal,51.49
17.2,2,65.0,412,119,Track (Rail/Ballast),30.34
33.4,3,82.2,361,123,S&T (Points/Crossing),44.52
2.3,2,80.2,149,159,Track (Rail/Ballast),22.08
38.8,0,65.1,332,195,Track (Rail/Ballast),50.48
12.8,2,43.1,268,103,OHE (Overhead Equipment),46.81
14.6,1,27.0,470,77,OHE (Overhead Equipment),47.13
19.2,3,59.0,165,28,OHE (Overhead Equipment),21.17
14.0,1,42.3,56,25,OHE (Overhead Equipment),34.13
9.1,3,29.1,299,97,S&T (Points/Crossing),51.05
34.6,2,94.5,41,96,Track (Rail/Ballast),19.75
4.6,2,46.3,422,201,OHE (Overhead Equipment),40.33
13.3,3,23.9,236,166,S&T (Points/Crossing),47.24
29.1,2,82.3,15,149,Signal,29.06
14.1,2,55.1,646,194,Signal,42.76
14.3,0,48.5,202,27,Signal,36.56
24.9,0,13.0,401,74,S&T (Points/Crossing),49.38
20.3,1,16.4,198,27,Signal,49.47
33.0,0,18.0,690,23,Track (Rail/Ballast),45.45
1.5,4,92.3,74,22,Track (Rail/Ballast),17.44
4.5,3,15.6,160,148,S&T (Points/Crossing),46.17
34.9,4,29.5,259,131,Track (Rail/Ballast),58.83
32.6,3,24.6,159,89,Signal,52.76
33.4,2,38.4,466,157,Track (Rail/Ballast),54.83
13.0,3,85.2,527,88,Signal,30.83
39.7,2,51.6,350,49,OHE (Overhead Equipment),37.86
7.3,0,80.3,218,209,Track (Rail/Ballast),40.27
18.8,2,17.1,650,168,OHE (Overhead Equipment),68.14
1.2,3,41.7,487,152,S&T (Points/Crossing),55.99
32.4,3,34.0,236,59,S&T (Points/Crossing),36.85
8.9,2,40.0,430,135,S&T (Points/Crossing),44.19
27.7,2,51.8,511,146,Track (Rail/Ballast),49.97
1.7,2,35.1,328,57,Signal,36.28
29.7,1,51.3,66,114,OHE (Overhead Equipment),31.68
3.8,1,75.2,433,198,Signal,33.27
32.1,0,51.0,121,44,Track (Rail/Ballast),28.05
23.0,1,57.2,721,187,Track (Rail/Ballast),55.98
5.9,5,94.5,665,180,OHE (Overhead Equipment),27.83
31.1,2,44.3,619,46,OHE (Overhead Equipment),52.23
2.1,2,12.0,413,139,S&T (Points/Crossing),47.98
33.2,0,16.5,624,118,OHE (Overhead Equipment),68.42
9.8,1,99.6,524,189,Signal,29.23
25.4,2,87.0,369,55,Track (Rail/Ballast),28.63
39.0,1,11.5,29,134,Signal,51.96
18.5,4,78.7,216,116,Track (Rail/Ballast),30.75
36.4,2,20.0,11,67,Track (Rail/Ballast),52.4
37.8,1,79.8,36,112,S&T (Points/Crossing),20.48
20.3,0,78.1,665,184,Signal,36.58
7.1,8,42.7,196,93,Signal,40.63
0.6,2,20.8,284,93,S&T (Points/Crossing),41.39
18.3,4,51.9,539,183,Signal,52.6
14.6,3,80.3,205,133,Signal,16.92
39.5,3,89.7,477,106,Track (Rail/Ballast),44.03
18.0,0,53.0,581,206,Signal,55.13
4.9,2,59.1,566,128,Track (Rail/Ballast),36.36
23.0,2,72.0,654,29,S&T (Points/Crossing),35.37
14.6,1,24.7,236,153,OHE (Overhead Equipment),41.21
20.4,5,37.9,576,57,Signal,47.92
34.2,5,58.1,544,217,OHE (Overhead Equipment),62.71
37.3,1,68.2,109,46,Track (Rail/Ballast),18.2
22.7,1,63.3,309,71,Track (Rail/Ballast),35.41
19.7,1,54.3,636,121,OHE (Overhead Equipment),49.85
20.2,3,58.3,330,172,Signal,40.56
34.1,1,18.5,161,128,Signal,47.21
30.0,1,37.5,607,204,OHE (Overhead Equipment),56.55
28.6,1,28.2,626,58,Track (Rail/Ballast),53.04
12.3,2,69.7,42,193,OHE (Overhead Equipment),36.42
30.9,0,97.9,259,102,S&T (Points/Crossing),26.16
27.1,2,88.0,612,173,S&T (Points/Crossing),42.62
35.7,0,58.2,611,202,S&T (Points/Crossing),50.96
2.0,0,78.6,166,50,S&T (Points/Crossing),0.0
24.7,2,14.5,600,55,Track (Rail/Ballast),56.28
13.7,3,17.0,475,92,S&T (Points/Crossing),56.86
5.4,4,18.3,43,207,Signal,45.98
27.8,3,71.1,412,136,Signal,44.55
32.3,2,60.0,548,104,OHE (Overhead Equipment),54.22
22.3,1,32.6,141,51,OHE (Overhead Equipment),45.79
27.1,3,74.4,397,21,S&T (Points/Crossing),39.02
9.4,5,12.7,238,15,Track (Rail/Ballast),48.15
25.8,2,90.9,441,127,S&T (Points/Crossing),27.02
35.2,3,18.3,429,30,Track (Rail/Ballast),54.33
24.4,1,58.0,412,211,Signal,34.83
3.8,6,78.1,413,121,S&T (Points/Crossing),42.03
8.0,2,42.0,187,83,Track (Rail/Ballast),45.53
17.2,2,96.8,308,126,Track (Rail/Ballast),21.46
21.3,2,74.5,405,88,OHE (Overhead Equipment),36.3
3.0,1,33.3,309,54,Signal,29.7
36.5,0,59.5,344,87,OHE (Overhead Equipment),34.91
24.1,2,90.2,636,161,Signal,40.53
31.7,1,21.9,75,46,Signal,37.47
21.1,4,38.0,612,169,OHE (Overhead Equipment),57.73
3.8,5,18.3,503,58,S&T (Points/Crossing),46.37
31.6,0,87.1,726,95,OHE (Overhead Equipment),37.51
7.6,3,92.6,159,201,Track (Rail/Ballast),28.89
25.9,1,55.2,686,123,Signal,43.98
6.8,0,14.6,296,39,OHE (Overhead Equipment),29.47
21.7,4,72.4,614,211,Signal,49.09
10.6,3,46.8,705,134,Signal,47.8
34.8,1,22.3,286,205,Signal,52.89
33.2,4,96.5,229,72,Track (Rail/Ballast),37.8
10.4,3,96.5,722,89,Track (Rail/Ballast),28.16
33.9,2,86.8,599,140,OHE (Overhead Equipment),42.48
3.0,1,87.9,53,192,Signal,6.18
13.1,3,82.0,169,202,S&T (Points/Crossing),36.44
22.5,3,28.9,517,38,S&T (Points/Crossing),52.3
36.0,2,59.0,458,101,OHE (Overhead Equipment),38.31
34.5,1,85.0,469,143,Track (Rail/Ballast),42.0
38.0,2,13.5,707,39,S&T (Points/Crossing),61.64
35.5,1,60.4,231,52,Signal,40.88
24.0,1,63.4,440,78,Signal,31.02
39.3,2,38.6,167,186,Track (Rail/Ballast),51.9
39.4,1,50.4,491,64,Signal,51.72
26.7,2,46.0,477,176,S&T (Points/Crossing),56.75
17.4,1,56.9,87,178,S&T (Points/Crossing),25.79
12.2,1,88.7,427,120,S&T (Points/Crossing),21.5
3.2,3,83.2,202,117,Track (Rail/Ballast),25.45
3.3,1,76.8,707,177,S&T (Points/Crossing),33.66
35.0,3,25.7,675,103,S&T (Points/Crossing),67.52
13.0,0,33.1,51,16,Track (Rail/Ballast),31.51
9.2,2,58.4,218,151,Track (Rail/Ballast),18.43
37.3,2,90.9,18,58,S&T (Points/Crossing),13.98
15.8,3,91.6,594,203,S&T (Points/Crossing),34.89
11.7,2,78.0,171,17,Signal,16.58
1.0,2,83.6,509,169,OHE (Overhead Equipment),33.57
20.7,1,58.1,414,70,Signal,36.54
6.7,1,94.8,625,162,Signal,28.69
6.3,1,83.8,181,29,Signal,10.46
16.3,4,98.2,619,121,Signal,38.28
2.6,0,62.1,427,201,OHE (Overhead Equipment),42.34
19.4,2,76.2,722,161,Signal,49.19
26.1,4,13.0,540,118,OHE (Overhead Equipment),66.16
10.3,3,11.3,317,49,S&T (Points/Crossing),49.89
19.5,3,84.0,254,97,S&T (Points/Crossing),36.46
15.3,0,46.7,86,109,Signal,31.14
31.7,2,14.9,238,178,Track (Rail/Ballast),66.43
35.9,1,79.1,220,219,OHE (Overhead Equipment),33.65
24.7,1,97.5,106,135,Track (Rail/Ballast),25.45
30.2,1,33.8,306,130,Signal,41.46
37.8,2,73.7,86,50,Signal,33.04
37.6,1,37.1,672,109,Track (Rail/Ballast),60.96
35.6,2,71.2,144,51,OHE (Overhead Equipment),38.01
2.5,1,11.6,355,94,Track (Rail/Ballast),47.34
38.2,2,62.7,28,126,S&T (Points/Crossing),38.82
8.1,2,80.3,556,129,OHE (Overhead Equipment),26.74
18.4,1,43.9,348,212,Track (Rail/Ballast),52.78
9.8,4,19.1,583,80,Signal,55.51
11.5,2,13.7,344,188,Signal,56.52
32.6,3,48.0,540,38,OHE (Overhead Equipment),55.13
23.4,2,35.1,344,62,Track (Rail/Ballast),53.64
8.6,3,76.1,295,36,OHE (Overhead Equipment),17.87
29.4,3,69.3,259,128,Track (Rail/Ballast),33.05
11.9,2,11.1,256,28,Track (Rail/Ballast),45.19
12.0,7,42.4,685,129,Track (Rail/Ballast),55.96
18.7,3,100.0,363,74,Track (Rail/Ballast),24.21
23.9,3,39.3,308,108,Track (Rail/Ballast),47.28
35.3,3,84.6,591,197,OHE (Overhead Equipment),54.93
32.3,0,35.2,297,129,S&T (Points/Crossing),40.01
31.7,3,47.1,287,96,OHE (Overhead Equipment),49.43
32.4,1,12.2,505,208,OHE (Overhead Equipment),71.01
16.6,0,49.1,169,129,OHE (Overhead Equipment),47.6
22.3,2,95.7,317,66,OHE (Overhead Equipment),31.16
13.2,1,79.7,91,48,S&T (Points/Crossing),15.62
14.9,1,46.6,369,161,S&T (Points/Crossing),41.38
17.8,4,31.0,97,182,S&T (Points/Crossing),46.36
34.2,3,16.7,149,158,Track (Rail/Ballast),51.84
20.4,2,37.9,645,98,S&T (Points/Crossing),49.66
30.8,3,10.3,576,168,OHE (Overhead Equipment),69.73
5.1,0,34.5,149,218,OHE (Overhead Equipment),36.64
36.3,3,91.8,221,77,OHE (Overhead Equipment),27.58
33.0,1,54.3,471,121,Signal,53.66
8.1,1,93.4,156,189,S&T (Points/Crossing),24.73
24.0,0,59.7,160,196,Track (Rail/Ballast),32.52
21.1,3,17.3,556,38,S&T (Points/Crossing),59.74
38.6,1,94.9,348,56,S&T (Points/Crossing),29.2
10.0,2,47.9,603,42,Signal,54.75
35.0,3,37.8,359,52,Track (Rail/Ballast),44.81
12.5,0,50.1,555,140,OHE (Overhead Equipment),39.96
16.6,1,78.2,371,51,OHE (Overhead Equipment),42.3
12.9,1,71.9,425,24,Track (Rail/Ballast),23.82
29.2,2,22.5,263,213,S&T (Points/Crossing),60.88
7.4,5,78.9,193,137,Signal,27.33
36.3,2,56.1,343,140,S&T (Points/Crossing),46.04
20.9,0,66.7,104,136,Track (Rail/Ballast),32.07
30.1,2,53.1,52,216,Track (Rail/Ballast),41.83
5.9,3,64.1,716,180,Signal,43.5
38.3,5,24.6,70,104,Signal,53.86
29.1,0,55.6,425,77,S&T (Points/Crossing),37.17
27.4,3,46.6,34,38,OHE (Overhead Equipment),29.83
17.0,4,11.7,386,132,Signal,54.21
35.9,1,13.1,331,207,Track (Rail/Ballast),68.94
37.4,3,33.1,213,215,S&T (Points/Crossing),68.23
38.6,3,23.6,131,100,Signal,51.49
33.5,0,50.4,104,164,OHE (Overhead Equipment),40.49
8.3,3,91.1,97,78,Track (Rail/Ballast),6.97
29.3,3,95.3,350,95,Signal,28.97
25.9,2,84.4,290,147,Track (Rail/Ballast),31.15
3.9,4,80.2,280,139,S&T (Points/Crossing),32.25
12.6,5,78.1,139,142,OHE (Overhead Equipment),28.07
32.2,1,54.7,292,104,OHE (Overhead Equipment),35.67
30.1,2,97.7,626,198,S&T (Points/Crossing),37.57
20.7,2,81.2,194,168,S&T (Points/Crossing),32.83
14.3,2,79.7,49,90,Signal,25.13
35.8,3,11.3,77,19,Track (Rail/Ballast),50.84
5.9,3,96.1,703,175,S&T (Points/Crossing),26.85
32.3,2,11.1,111,67,S&T (Points/Crossing),60.16
29.4,3,22.1,140,52,OHE (Overhead Equipment),47.59
8.1,2,73.0,431,190,OHE (Overhead Equipment),36.71
3.8,2,82.9,461,17,Track (Rail/Ballast),20.13
37.6,0,18.6,280,32,Signal,61.42
15.8,3,79.9,273,170,S&T (Points/Crossing),28.85
10.5,1,75.0,331,48,OHE (Overhead Equipment),16.6
34.4,2,88.3,99,58,Track (Rail/Ballast),23.15
6.1,2,21.5,475,74,OHE (Overhead Equipment),39.96
6.1,1,37.5,505,180,S&T (Points/Crossing),48.53
16.0,1,74.0,690,198,S&T (Points/Crossing),41.46
17.6,4,88.1,158,200,Track (Rail/Ballast),34.14
34.0,2,94.7,355,176,Track (Rail/Ballast),42.01
36.4,2,10.7,221,17,Signal,45.54
24.3,3,17.5,428,60,S&T (Points/Crossing),60.89
21.2,2,39.8,352,127,OHE (Overhead Equipment),53.59
0.7,0,21.3,407,61,OHE (Overhead Equipment),32.65
32.6,3,83.2,394,212,S&T (Points/Crossing),40.92
30.3,2,93.1,355,49,OHE (Overhead Equipment),27.75
20.0,2,24.8,21,117,S&T (Points/Crossing),48.5
16.8,2,95.3,50,59,Track (Rail/Ballast),17.22
35.9,2,12.1,589,91,OHE (Overhead Equipment),61.3
16.0,1,28.4,590,176,OHE (Overhead Equipment),56.26
4.6,2,40.9,612,36,S&T (Points/Crossing),39.07
5.5,5,32.9,477,160,Signal,42.47
32.6,3,86.7,141,217,S&T (Points/Crossing),31.31
31.8,2,35.0,607,205,OHE (Overhead Equipment),68.47
32.0,2,35.9,639,120,S&T (Points/Crossing),69.17
34.3,3,78.9,589,122,S&T (Points/Crossing),52.91
36.1,1,25.3,223,177,Track (Rail/Ballast),67.11
20.2,2,29.5,456,49,OHE (Overhead Equipment),60.62
32.6,3,38.1,596,184,S&T (Points/Crossing),59.71
16.3,4,88.4,645,59,OHE (Overhead Equipment),40.9
8.6,4,71.8,80,35,S&T (Points/Crossing),29.16
13.9,2,85.4,661,91,Signal,33.59
17.5,2,71.8,110,201,S&T (Points/Crossing),30.59
32.5,1,63.2,454,207,Track (Rail/Ballast),55.43
1.6,3,97.6,293,57,OHE (Overhead Equipment),16.87
27.5,2,47.6,293,143,OHE (Overhead Equipment),40.58
17.5,2,55.4,323,190,OHE (Overhead Equipment),48.82
6.7,5,11.9,671,149,S&T (Points/Crossing),66.03
24.2,3,27.6,318,156,S&T (Points/Crossing),57.39
25.8,2,42.4,293,107,OHE (Overhead Equipment),53.23
18.9,1,13.0,357,152,Track (Rail/Ballast),49.09
10.2,3,16.0,390,24,Track (Rail/Ballast),52.39
28.0,3,41.1,657,177,Track (Rail/Ballast),65.65
31.1,1,54.4,670,93,OHE (Overhead Equipment),54.11
11.0,0,78.3,648,109,Signal,30.55
20.2,2,45.0,407,167,OHE (Overhead Equipment),52.26
13.7,2,72.4,260,128,Signal,28.15
6.2,2,53.9,75,196,S&T (Points/Crossing),34.3
6.8,4,73.9,193,92,S&T (Points/Crossing),20.89
20.1,3,15.1,625,219,OHE (Overhead Equipment),61.45
33.3,4,55.1,410,154,Signal,53.92
24.2,0,61.6,584,90,Track (Rail/Ballast),44.2
6.9,2,15.0,180,87,S&T (Points/Crossing),51.83
16.9,2,46.3,441,47,S&T (Points/Crossing),32.28
12.0,3,66.6,369,129,Track (Rail/Ballast),38.25
0.8,4,21.5,518,167,Track (Rail/Ballast),48.52
30.7,1,38.5,250,219,OHE (Overhead Equipment),60.12
14.0,2,18.5,382,155,Track (Rail/Ballast),61.76
3.1,5,91.7,624,27,OHE (Overhead Equipment),35.65
22.2,4,89.8,229,113,OHE (Overhead Equipment),25.0
18.8,1,96.3,414,101,Track (Rail/Ballast),26.98
14.7,2,82.4,94,138,Track (Rail/Ballast),32.7
35.7,0,50.1,606,39,Signal,50.36
14.8,1,80.4,429,189,Track (Rail/Ballast),30.98
7.0,1,36.0,21,133,Signal,34.13
25.4,3,65.1,588,20,Signal,30.48
30.3,1,30.7,515,216,Track (Rail/Ballast),51.15
24.5,4,34.6,344,162,Track (Rail/Ballast),50.33
38.4,1,27.1,319,46,Signal,66.92
30.5,2,58.0,717,24,OHE (Overhead Equipment),51.46
2.8,3,94.1,679,158,Track (Rail/Ballast),28.21
13.9,5,85.7,182,67,Signal,15.91
38.4,1,76.9,71,64,S&T (Points/Crossing),34.44
33.8,0,50.7,466,56,OHE (Overhead Equipment),50.83
17.0,2,43.9,359,182,Signal,47.53
21.5,5,85.4,343,206,Track (Rail/Ballast),42.84
16.8,5,38.7,208,181,S&T (Points/Crossing),42.64
10.7,4,48.5,581,113,OHE (Overhead Equipment),44.23
20.2,1,92.3,672,77,Track (Rail/Ballast),31.57
2.5,4,85.6,636,125,Signal,27.67
6.3,0,53.1,582,113,Track (Rail/Ballast),33.87
35.8,1,28.1,335,195,S&T (Points/Crossing),61.58
30.0,3,12.0,728,137,Signal,55.72
16.6,0,35.6,628,213,S&T (Points/Crossing),51.02
35.5,3,10.2,495,61,S&T (Points/Crossing),67.42
10.7,2,10.8,453,78,OHE (Overhead Equipment),37.58
37.5,2,82.3,720,97,Track (Rail/Ballast),49.25
13.5,3,14.5,292,172,Track (Rail/Ballast),47.37
8.3,1,65.1,400,180,Track (Rail/Ballast),41.5
22.2,3,51.5,160,170,Signal,44.69
35.0,2,24.6,589,42,Signal,64.71
16.9,2,76.0,620,100,S&T (Points/Crossing),36.76
16.7,2,29.0,446,149,Signal,50.97
15.1,0,80.5,227,191,S&T (Points/Crossing),23.91
33.1,0,92.7,650,53,S&T (Points/Crossing),42.91
17.4,3,14.5,114,62,Track (Rail/Ballast),44.28
24.3,1,78.9,673,176,Signal,54.79
4.4,2,13.1,37,138,OHE (Overhead Equipment),29.69
15.1,3,71.7,591,208,S&T (Points/Crossing),41.03
31.1,1,85.8,253,128,S&T (Points/Crossing),38.05
38.7,3,42.3,598,22,Signal,55.23
25.2,4,63.7,249,82,OHE (Overhead Equipment),34.53
22.6,4,68.5,185,192,S&T (Points/Crossing),43.64
32.6,2,22.2,541,69,Track (Rail/Ballast),59.88
32.0,0,67.7,150,166,Track (Rail/Ballast),40.07
18.6,0,79.8,132,121,Signal,9.21
4.0,3,44.1,351,117,Signal,42.21
35.3,3,32.8,675,128,Signal,45.28
16.2,0,74.6,307,79,Signal,28.73
10.5,3,61.4,64,157,S&T (Points/Crossing),17.75
10.2,2,92.8,32,67,S&T (Points/Crossing),11.44
7.2,3,11.7,415,81,Track (Rail/Ballast),48.55
14.6,3,27.3,681,68,Track (Rail/Ballast),56.42
21.3,5,58.7,613,53,OHE (Overhead Equipment),52.03
35.4,1,54.1,135,48,Signal,32.67
4.5,3,69.9,452,15,Signal,28.5
18.7,4,98.4,201,64,Track (Rail/Ballast),22.13
34.4,2,56.4,117,219,OHE (Overhead Equipment),39.54
39.8,2,15.4,469,102,OHE (Overhead Equipment),61.55
13.7,3,79.7,189,51,Signal,28.81
10.6,2,77.7,281,124,S&T (Points/Crossing),28.48
39.7,0,90.6,625,197,Signal,49.36
26.4,4,94.5,37,43,OHE (Overhead Equipment),21.75
38.1,1,50.8,721,61,OHE (Overhead Equipment),46.28
4.6,3,39.1,617,72,S&T (Points/Crossing),44.56
16.0,4,28.6,704,129,Track (Rail/Ballast),57.66
7.7,3,27.8,452,171,S&T (Points/Crossing),49.93
5.6,3,87.4,116,78,OHE (Overhead Equipment),15.43
8.4,2,30.0,38,57,Signal,37.17
30.1,3,74.3,372,172,S&T (Points/Crossing),50.52
16.5,2,87.2,500,72,Track (Rail/Ballast),36.1
23.0,4,70.5,314,172,Track (Rail/Ballast),47.23
14.9,3,65.6,241,40,OHE (Overhead Equipment),33.77
2.4,4,55.8,696,108,OHE (Overhead Equipment),44.1
20.8,2,67.8,711,197,Signal,50.29
13.9,4,57.7,335,49,Track (Rail/Ballast),44.45
21.4,2,64.2,129,96,OHE (Overhead Equipment),31.75
39.2,4,55.9,60,126,Signal,33.22
39.6,1,21.9,165,186,Signal,65.82
8.4,1,69.9,263,197,Track (Rail/Ballast),25.85
13.6,4,98.2,470,48,Track (Rail/Ballast),14.0
20.9,1,98.5,273,184,S&T (Points/Crossing),18.3
30.5,3,92.0,627,216,Track (Rail/Ballast),45.26
15.4,5,73.1,318,73,Signal,32.36
35.5,1,66.7,333,200,Track (Rail/Ballast),42.47
3.3,3,75.3,459,117,OHE (Overhead Equipment),33.46
0.6,1,84.7,227,77,Signal,20.39
5.3,1,64.0,136,138,Signal,26.86
15.6,2,58.9,181,27,S&T (Points/Crossing),35.94
17.4,2,93.0,569,125,S&T (Points/Crossing),28.06
17.5,3,83.8,46,54,OHE (Overhead Equipment),21.84
4.6,2,53.2,31,129,Signal,23.43
20.4,2,85.2,512,88,OHE (Overhead Equipment),28.76
27.8,2,73.5,230,103,Track (Rail/Ballast),23.83
28.0,1,93.2,526,32,Track (Rail/Ballast),24.94
31.1,2,52.3,631,66,S&T (Points/Crossing),44.85
1.4,2,30.7,398,134,Track (Rail/Ballast),38.8
33.9,0,90.5,508,25,Track (Rail/Ballast),26.87
8.2,3,23.0,635,174,Signal,68.12
33.9,5,55.2,558,89,OHE (Overhead Equipment),53.62
10.6,3,99.9,666,100,OHE (Overhead Equipment),36.73
30.5,1,43.5,497,207,S&T (Points/Crossing),51.39
33.6,1,26.1,613,151,S&T (Points/Crossing),64.02
5.1,0,87.5,704,66,Signal,23.57
23.9,8,87.6,331,119,OHE (Overhead Equipment),34.49
35.1,2,38.5,304,202,Signal,59.25
1.9,1,20.5,468,103,Signal,44.12
37.5,1,56.0,33,114,S&T (Points/Crossing),52.08
15.9,5,36.2,172,74,OHE (Overhead Equipment),45.89
27.4,2,63.7,343,121,OHE (Overhead Equipment),35.99
33.9,2,48.8,553,39,Track (Rail/Ballast),46.29
9.0,2,16.1,53,81,Track (Rail/Ballast),55.33
14.4,1,68.3,361,23,Signal,23.06
36.4,1,78.7,716,148,Signal,52.81
34.3,1,57.1,421,70,OHE (Overhead Equipment),32.29
18.1,0,69.0,660,173,OHE (Overhead Equipment),55.02
23.5,3,66.4,36,61,S&T (Points/Crossing),25.34
37.2,0,12.7,450,69,S&T (Points/Crossing),61.97
13.1,5,81.6,394,196,Signal,41.46
10.8,0,75.2,642,191,S&T (Points/Crossing),41.09
34.9,1,38.0,462,19,S&T (Points/Crossing),43.61
1.7,2,97.7,40,134,S&T (Points/Crossing),12.73
28.2,4,97.1,321,29,Signal,26.72
19.9,0,17.4,629,41,OHE (Overhead Equipment),58.42
24.7,4,42.2,495,133,Track (Rail/Ballast),49.2
11.0,3,59.4,175,78,Track (Rail/Ballast),33.37
15.0,2,64.6,250,97,OHE (Overhead Equipment),27.59
27.6,0,98.5,574,140,Track (Rail/Ballast),24.86
2.7,1,91.3,270,72,OHE (Overhead Equipment),15.28
28.4,4,96.9,635,98,S&T (Points/Crossing),44.87
24.8,3,88.0,266,132,OHE (Overhead Equipment),40.04
12.5,3,27.3,606,168,OHE (Overhead Equipment),67.55
1.6,3,31.8,538,64,Signal,38.07
25.5,3,96.6,474,203,Signal,31.49
31.8,0,85.1,37,148,OHE (Overhead Equipment),26.06
35.3,0,11.8,655,90,Track (Rail/Ballast),70.07
20.8,3,67.8,92,133,OHE (Overhead Equipment),39.66
2.4,3,67.8,624,83,Track (Rail/Ballast),35.26
31.7,2,92.8,186,200,Signal,25.22
23.9,4,87.1,294,213,Track (Rail/Ballast),43.85
6.0,4,19.5,593,81,OHE (Overhead Equipment),58.65
29.2,2,59.6,536,44,Track (Rail/Ballast),46.71
15.1,5,82.5,69,60,S&T (Points/Crossing),22.82
16.8,2,71.8,677,146,Signal,43.57
37.6,2,69.4,43,176,Signal,44.94
2.3,1,74.1,161,28,Track (Rail/Ballast),13.47
38.2,0,42.4,593,21,S&T (Points/Crossing),52.27
1.2,1,66.4,479,142,Signal,33.41
15.3,4,34.5,302,152,S&T (Points/Crossing),41.73
28.4,4,92.2,572,179,Signal,54.48
18.9,2,49.1,348,43,Track (Rail/Ballast),47.49
38.2,3,36.2,569,185,Track (Rail/Ballast),70.01
4.6,3,69.9,290,191,Signal,26.0
37.6,2,18.3,486,158,Track (Rail/Ballast),54.57
6.5,0,14.3,277,75,S&T (Points/Crossing),30.89
16.2,3,63.0,14,89,S&T (Points/Crossing),15.91
8.7,2,98.8,10,36,Track (Rail/Ballast),10.83
6.8,1,51.7,703,72,S&T (Points/Crossing),39.44
26.1,3,27.2,553,88,Track (Rail/Ballast),63.13
27.6,1,75.5,500,51,OHE (Overhead Equipment),36.61
20.6,3,34.9,192,184,OHE (Overhead Equipment),48.77
21.2,4,14.5,701,135,OHE (Overhead Equipment),75.87
17.0,1,21.4,27,191,Signal,38.27
35.9,1,52.6,258,92,Track (Rail/Ballast),42.16
1.7,3,69.1,46,59,S&T (Points/Crossing),24.09
11.2,3,31.3,432,131,S&T (Points/Crossing),36.3
25.4,3,68.7,295,130,S&T (Points/Crossing),33.19
33.0,3,63.6,163,119,OHE (Overhead Equipment),32.26
35.0,1,55.3,620,164,Track (Rail/Ballast),52.93
18.1,3,15.9,661,88,S&T (Points/Crossing),61.57
1.2,2,63.2,369,146,OHE (Overhead Equipment),28.14
16.6,1,66.1,550,43,Track (Rail/Ballast),32.47
27.4,3,93.0,187,132,OHE (Overhead Equipment),24.89
23.6,2,37.7,661,184,OHE (Overhead Equipment),58.96
30.0,8,67.7,122,205,Track (Rail/Ballast),46.54
15.2,0,32.3,128,33,S&T (Points/Crossing),44.18
3.9,3,76.5,191,134,OHE (Overhead Equipment),33.12
20.1,0,79.1,728,34,Track (Rail/Ballast),31.1
9.8,1,68.7,92,162,Signal,22.75
1.1,1,90.8,69,39,OHE (Overhead Equipment),5.58
5.6,1,14.3,323,213,S&T (Points/Crossing),49.53
32.9,1,13.7,238,198,Track (Rail/Ballast),59.94
31.7,2,46.0,716,121,Track (Rail/Ballast),54.35
8.8,2,28.1,178,219,Signal,48.04
35.4,2,44.2,582,97,Track (Rail/Ballast),54.53
36.6,2,73.8,39,22,S&T (Points/Crossing),26.91
3.9,2,35.5,172,164,Signal,33.32
12.4,4,43.8,262,79,Track (Rail/Ballast),36.96
9.1,4,17.1,255,184,Signal,49.55
7.3,3,69.7,465,63,OHE (Overhead Equipment),29.54
8.1,2,88.8,588,20,S&T (Points/Crossing),27.73
10.6,4,23.6,212,181,OHE (Overhead Equipment),52.49
33.6,2,32.3,30,196,Signal,40.36
26.0,5,60.6,337,199,S&T (Points/Crossing),52.49
20.1,2,35.4,672,180,OHE (Overhead Equipment),61.89
38.5,3,26.7,97,102,S&T (Points/Crossing),61.44
1.0,3,64.1,650,91,Track (Rail/Ballast),27.18
27.0,2,53.2,116,64,S&T (Points/Crossing),30.63
34.0,3,31.2,538,171,Signal,66.38
30.5,3,48.5,401,86,Signal,48.1
25.0,4,27.1,411,130,OHE (Overhead Equipment),45.23
26.8,2,72.6,232,213,Signal,42.25
5.8,3,37.7,19,100,Track (Rail/Ballast),29.15
37.9,3,84.5,190,39,Track (Rail/Ballast),19.44
29.8,2,30.8,351,26,Track (Rail/Ballast),55.13
16.3,1,20.9,708,31,Track (Rail/Ballast),41.29
23.7,4,36.4,85,199,Track (Rail/Ballast),50.04
20.3,3,69.0,93,160,Signal,33.25
8.0,3,40.1,234,211,Track (Rail/Ballast),43.93
26.3,0,94.3,689,117,Track (Rail/Ballast),33.9
18.6,1,70.0,376,101,Signal,29.01
30.6,0,76.4,124,146,Signal,31.24
17.7,1,99.0,379,92,Track (Rail/Ballast),19.38
13.3,4,57.1,342,90,S&T (Points/Crossing),32.77
18.5,3,95.3,358,172,Signal,34.69
3.6,0,10.5,42,89,Track (Rail/Ballast),24.04
26.9,1,81.7,280,152,OHE (Overhead Equipment),28.01
3.3,2,87.1,391,141,OHE (Overhead Equipment),17.36
36.9,7,46.2,351,132,Signal,43.9
23.5,4,71.4,209,169,S&T (Points/Crossing),45.58
4.0,4,46.8,421,207,OHE (Overhead Equipment),50.77
21.5,1,51.4,344,110,S&T (Points/Crossing),33.1
34.8,3,68.1,142,179,OHE (Overhead Equipment),40.5
31.2,4,73.5,216,44,OHE (Overhead Equipment),30.41
37.0,5,72.1,108,128,S&T (Points/Crossing),30.39
8.7,2,93.7,159,144,Track (Rail/Ballast),18.35
26.3,1,57.7,294,42,Track (Rail/Ballast),36.92
2.3,7,70.1,333,48,Track (Rail/Ballast),24.72
8.3,2,36.8,246,38,Signal,32.03
26.0,3,59.1,370,34,S&T (Points/Crossing),32.85
7.7,5,91.9,394,190,OHE (Overhead Equipment),39.32
7.9,1,52.7,390,170,Track (Rail/Ballast),37.58
28.9,0,39.3,351,37,S&T (Points/Crossing),38.9
33.4,1,25.9,283,212,Track (Rail/Ballast),47.93
24.7,0,39.7,572,70,OHE (Overhead Equipment),55.03
9.5,3,96.1,396,208,S&T (Points/Crossing),33.47
12.2,1,88.6,158,24,Track (Rail/Ballast),10.4
26.2,2,25.6,646,16,Signal,53.7
11.1,0,86.4,196,66,Track (Rail/Ballast),20.33
12.8,3,25.5,398,208,Signal,60.5
21.5,1,44.2,167,39,OHE (Overhead Equipment),36.69
15.1,1,38.5,82,202,S&T (Points/Crossing),41.02
24.0,4,53.0,626,214,S&T (Points/Crossing),49.67
11.2,2,74.5,318,152,Signal,44.08
11.1,0,43.5,225,94,S&T (Points/Crossing),30.13
29.9,3,47.2,331,70,Track (Rail/Ballast),47.76
31.3,1,68.3,469,17,Track (Rail/Ballast),31.44
36.8,1,49.0,310,35,Track (Rail/Ballast),45.16
38.0,0,75.7,714,27,Signal,38.63
8.1,2,47.2,237,62,S&T (Points/Crossing),34.51
5.8,2,71.1,431,178,OHE (Overhead Equipment),38.88
20.1,3,81.2,347,120,Track (Rail/Ballast),40.76
33.6,4,65.9,251,42,Signal,33.28
21.5,4,31.8,446,160,S&T (Points/Crossing),63.03
29.8,2,78.7,580,157,S&T (Points/Crossing),47.57
33.3,1,68.6,563,45,Track (Rail/Ballast),37.91
3.1,4,57.5,180,207,OHE (Overhead Equipment),39.8
23.4,1,42.9,277,64,OHE (Overhead Equipment),39.66
27.2,2,48.5,178,183,Signal,35.89
30.8,2,62.6,373,86,Track (Rail/Ballast),37.2
33.2,3,24.0,557,135,Signal,60.41
31.3,4,65.2,510,192,OHE (Overhead Equipment),49.62
7.3,1,55.2,12,51,Track (Rail/Ballast),23.24
21.0,2,73.0,601,145,Track (Rail/Ballast),36.22
3.3,1,90.9,479,145,Track (Rail/Ballast),20.64
37.8,4,87.0,561,40,Signal,46.98
15.9,2,94.4,239,151,Track (Rail/Ballast),19.53
2.5,2,59.2,329,55,OHE (Overhead Equipment),35.2
37.1,0,55.3,270,117,S&T (Points/Crossing),45.15
2.7,1,44.1,608,33,Signal,35.12
11.2,1,49.7,263,102,OHE (Overhead Equipment),38.66
26.5,3,64.8,224,188,S&T (Points/Crossing),54.29
3.2,1,50.1,165,193,Signal,25.44
39.1,2,72.1,86,169,Signal,31.3
11.7,6,95.5,72,31,Signal,14.17
35.6,0,11.4,294,20,S&T (Points/Crossing),59.38
20.6,6,63.1,358,44,Signal,44.25
13.5,3,12.6,208,106,OHE (Overhead Equipment),48.71
37.5,4,11.5,23,27,Signal,42.81
6.6,1,78.4,225,159,Signal,32.93
12.7,0,43.1,613,26,S&T (Points/Crossing),44.98
37.4,1,18.0,358,83,Track (Rail/Ballast),66.27
6.5,4,93.8,649,210,S&T (Points/Crossing),42.38
30.2,2,80.0,696,111,Signal,59.7
4.6,3,11.5,104,134,Track (Rail/Ballast),48.14
20.2,1,40.7,201,84,OHE (Overhead Equipment),44.58
36.8,3,15.7,221,90,OHE (Overhead Equipment),55.57
2.4,2,49.3,477,102,OHE (Overhead Equipment),41.04
4.2,5,22.5,487,132,Track (Rail/Ballast),54.98
8.5,2,98.2,267,79,S&T (Points/Crossing),15.34
4.8,4,88.2,724,88,S&T (Points/Crossing),26.64
26.2,2,70.7,628,113,Signal,42.71
34.1,3,17.6,65,129,Track (Rail/Ballast),47.63
7.6,4,53.9,584,136,S&T (Points/Crossing),46.3
2.3,4,55.0,73,49,Track (Rail/Ballast),26.44
30.5,1,20.8,467,84,Track (Rail/Ballast),65.37
18.2,4,31.4,6,163,Track (Rail/Ballast),48.93
7.3,3,36.0,8,33,OHE (Overhead Equipment),31.64
28.4,5,85.0,290,198,Track (Rail/Ballast),40.19
10.7,3,16.4,525,34,Signal,46.95
19.8,3,57.8,206,169,Signal,33.2
28.4,2,91.4,274,219,OHE (Overhead Equipment),29.07
20.3,0,99.0,404,123,Track (Rail/Ballast),23.22
20.5,3,80.9,185,57,Track (Rail/Ballast),39.1
16.1,3,10.7,515,41,OHE (Overhead Equipment),60.17
12.3,0,99.7,140,70,OHE (Overhead Equipment),10.91
14.0,1,69.4,600,90,Signal,27.96
3.8,2,97.6,295,123,S&T (Points/Crossing),9.71
13.5,1,86.7,651,87,Track (Rail/Ballast),33.63
10.9,2,91.4,173,199,Signal,22.38
29.5,3,15.0,268,110,Signal,54.32
27.9,1,63.1,378,160,OHE (Overhead Equipment),32.58
15.9,2,58.4,463,124,Track (Rail/Ballast),44.44
31.2,1,95.3,677,136,OHE (Overhead Equipment),44.7
23.7,2,19.8,252,98,S&T (Points/Crossing),38.98
19.1,3,49.7,79,129,S&T (Points/Crossing),42.88
1.1,3,46.1,676,16,OHE (Overhead Equipment),44.82
7.4,2,99.6,77,107,Signal,1.66
24.7,1,14.9,513,159,Signal,68.23
20.5,2,39.2,709,31,Signal,49.86
16.9,4,58.9,402,198,OHE (Overhead Equipment),42.25
25.1,2,89.5,597,116,OHE (Overhead Equipment),40.29
16.1,0,95.0,395,70,Signal,30.94
20.5,2,83.4,725,179,Track (Rail/Ballast),47.66
7.6,2,19.1,257,70,Track (Rail/Ballast),41.19
39.1,3,26.8,455,135,S&T (Points/Crossing),68.67
21.9,1,97.4,199,192,OHE (Overhead Equipment),28.89
36.7,3,56.8,156,197,S&T (Points/Crossing),46.46
17.7,2,75.3,316,17,OHE (Overhead Equipment),15.97
38.6,3,15.5,119,121,OHE (Overhead Equipment),55.47
2.4,1,93.1,651,20,S&T (Points/Crossing),23.76
30.6,3,56.1,280,202,S&T (Points/Crossing),43.73
17.6,4,96.1,691,202,OHE (Overhead Equipment),51.49
35.8,0,88.4,688,29,S&T (Points/Crossing),40.72
4.3,3,37.8,620,17,OHE (Overhead Equipment),46.39
36.2,1,73.3,699,210,Track (Rail/Ballast),56.74
9.4,2,76.8,263,24,Track (Rail/Ballast),22.57
32.7,2,50.6,689,48,S&T (Points/Crossing),54.55
16.3,0,44.4,9,26,OHE (Overhead Equipment),30.73
20.6,0,89.5,282,178,OHE (Overhead Equipment),15.92
12.9,0,68.3,84,111,Signal,26.16
23.7,2,43.7,472,150,Signal,54.55
8.6,1,52.1,19,80,Track (Rail/Ballast),38.73
38.0,1,60.9,142,217,OHE (Overhead Equipment),46.05
24.8,2,97.0,325,72,S&T (Points/Crossing),22.23
17.0,0,66.0,631,160,S&T (Points/Crossing),41.56
32.3,4,88.8,260,93,Signal,33.54
22.6,0,38.4,132,112,Track (Rail/Ballast),43.04
30.4,3,60.6,568,100,OHE (Overhead Equipment),47.12
1.9,0,98.4,562,80,S&T (Points/Crossing),21.15
29.7,1,99.5,528,97,S&T (Points/Crossing),36.41
9.2,3,41.1,87,80,S&T (Points/Crossing),28.24
0.8,2,35.0,44,109,Signal,34.05
34.7,4,48.5,462,54,Signal,60.61
31.7,4,90.0,386,170,Track (Rail/Ballast),41.5
17.3,2,46.5,98,147,OHE (Overhead Equipment),38.77
35.9,2,41.6,237,23,Track (Rail/Ballast),41.46
24.5,2,34.0,393,128,S&T (Points/Crossing),37.11
34.2,5,92.0,603,182,OHE (Overhead Equipment),52.32
0.9,2,40.8,549,92,S&T (Points/Crossing),31.87
23.1,1,56.9,132,207,Track (Rail/Ballast),43.12
2.4,2,30.4,572,75,Track (Rail/Ballast),33.01
13.4,2,68.1,566,27,S&T (Points/Crossing),46.42
25.2,1,30.5,350,177,Signal,63.73
29.5,7,98.8,647,30,Track (Rail/Ballast),41.66
10.5,1,43.2,162,150,Track (Rail/Ballast),36.77
24.1,1,34.0,186,56,Track (Rail/Ballast),39.38
6.4,4,80.6,8,20,S&T (Points/Crossing),17.1
4.9,5,61.4,470,133,OHE (Overhead Equipment),47.26
36.0,2,17.8,728,74,Signal,68.02
3.3,0,77.2,453,134,S&T (Points/Crossing),37.43
16.3,2,48.2,657,49,Signal,36.5
0.8,4,93.7,456,121,Signal,31.13
38.1,4,88.9,284,116,S&T (Points/Crossing),30.31
33.6,1,24.5,384,193,Signal,63.53
9.4,4,41.6,182,45,S&T (Points/Crossing),28.09
5.6,2,61.0,538,210,S&T (Points/Crossing),37.5
11.0,2,97.8,463,204,Signal,31.77
5.0,4,37.7,306,198,S&T (Points/Crossing),43.01
22.9,2,38.0,729,127,S&T (Points/Crossing),56.0
8.5,3,90.3,174,147,Signal,34.81
27.3,2,54.6,652,169,Track (Rail/Ballast),56.25
36.9,1,63.0,551,118,OHE (Overhead Equipment),48.55
27.8,1,96.7,681,176,OHE (Overhead Equipment),38.98
28.0,3,30.8,640,191,Signal,64.68
25.6,4,23.9,628,212,Signal,73.44
10.0,2,72.0,270,34,S&T (Points/Crossing),24.33
16.1,4,91.0,168,178,S&T (Points/Crossing),20.58
18.7,2,96.1,512,176,S&T (Points/Crossing),42.42
1.6,0,89.1,124,51,Signal,15.78
9.2,2,76.8,354,176,Track (Rail/Ballast),29.33
38.2,0,72.4,518,160,S&T (Points/Crossing),43.25
19.2,3,83.3,535,78,S&T (Points/Crossing),32.32
8.3,4,56.8,619,218,Track (Rail/Ballast),48.52
25.4,4,57.1,564,96,Track (Rail/Ballast),52.21
33.8,3,56.5,184,187,Track (Rail/Ballast),43.36
5.2,2,42.3,239,173,OHE (Overhead Equipment),53.47
30.2,1,50.6,460,64,Signal,46.98
35.9,3,15.0,519,187,OHE (Overhead Equipment),74.74
21.4,1,11.8,539,208,OHE (Overhead Equipment),68.76
26.1,1,42.8,146,122,Signal,37.42
19.3,4,34.7,545,217,Signal,67.75
38.3,4,62.6,585,29,Track (Rail/Ballast),45.0
15.3,0,53.6,546,166,S&T (Points/Crossing),37.92
19.1,2,19.9,555,165,Track (Rail/Ballast),58.26
20.8,2,63.4,673,111,Signal,39.57
26.3,4,72.5,163,211,Signal,36.91
17.9,3,87.9,312,27,OHE (Overhead Equipment),24.15
4.9,4,80.3,374,195,Track (Rail/Ballast),21.48
26.7,2,72.2,711,146,OHE (Overhead Equipment),47.49
16.1,2,44.0,650,135,Signal,50.04
10.6,1,88.0,517,161,OHE (Overhead Equipment),35.96
16.6,3,32.5,712,151,OHE (Overhead Equipment),63.27
7.2,2,23.4,40,175,Signal,41.76
30.6,2,82.6,626,157,S&T (Points/Crossing),51.7
13.9,5,90.4,11,179,Track (Rail/Ballast),24.28
18.6,0,82.7,423,63,OHE (Overhead Equipment),29.89
30.9,2,40.5,79,186,Track (Rail/Ballast),39.06
17.0,2,48.4,558,69,Track (Rail/Ballast),54.28
16.3,3,42.5,602,117,Track (Rail/Ballast),61.0
1.5,1,57.5,147,17,Track (Rail/Ballast),24.28
3.6,2,69.0,338,19,OHE (Overhead Equipment),17.81
9.0,0,45.7,22,137,Signal,29.9
17.3,0,40.6,652,187,Track (Rail/Ballast),55.78
12.2,2,86.1,251,177,Signal,24.64
6.2,3,60.0,259,60,Signal,38.22
13.3,2,10.4,597,173,OHE (Overhead Equipment),60.45
7.5,3,31.1,481,53,Track (Rail/Ballast),33.29
9.6,3,73.0,350,181,Track (Rail/Ballast),33.06
14.4,0,59.3,682,53,Track (Rail/Ballast),31.6
8.4,1,59.9,482,121,S&T (Points/Crossing),31.94
39.2,1,17.7,614,38,S&T (Points/Crossing),63.45
31.7,2,18.8,458,68,Track (Rail/Ballast),55.03
3.5,1,35.1,638,138,Track (Rail/Ballast),41.8
31.3,1,30.7,293,129,Signal,59.82
24.8,1,20.5,712,141,S&T (Points/Crossing),62.87
18.8,0,35.6,677,188,OHE (Overhead Equipment),58.04
1.4,4,52.7,585,210,S&T (Points/Crossing),55.53
9.8,0,41.3,207,27,Signal,34.48
15.5,1,89.1,261,193,S&T (Points/Crossing),27.72
13.0,2,42.3,452,147,S&T (Points/Crossing),43.02
15.9,3,82.5,13,34,Signal,15.08
37.7,4,69.7,712,50,Track (Rail/Ballast),53.29
26.6,1,44.1,600,192,Signal,58.7
36.8,2,15.1,472,63,S&T (Points/Crossing),67.47
10.1,1,88.9,404,191,OHE (Overhead Equipment),25.87
36.6,1,66.9,14,64,OHE (Overhead Equipment),28.71
3.4,0,81.6,665,59,OHE (Overhead Equipment),25.13
39.9,3,43.3,560,146,S&T (Points/Crossing),63.7
8.9,2,98.1,88,212,OHE (Overhead Equipment),13.39
1.1,0,25.6,220,81,Track (Rail/Ballast),34.48
19.9,2,11.8,230,131,S&T (Points/Crossing),38.37
4.4,2,90.3,399,53,OHE (Overhead Equipment),16.33
34.1,2,68.9,638,217,S&T (Points/Crossing),57.33
36.5,2,14.3,720,151,Track (Rail/Ballast),67.23
38.7,5,62.5,723,139,S&T (Points/Crossing),64.41
31.1,4,47.0,442,113,Track (Rail/Ballast),48.96
10.5,1,28.9,584,161,Track (Rail/Ballast),46.56
21.0,2,91.6,265,67,OHE (Overhead Equipment),25.56
23.1,0,65.6,346,45,S&T (Points/Crossing),30.63
22.5,5,94.0,368,201,Track (Rail/Ballast),33.14
38.4,0,79.0,665,117,S&T (Points/Crossing),42.32
8.3,2,35.7,184,218,OHE (Overhead Equipment),44.14
22.8,3,33.1,117,149,Track (Rail/Ballast),45.56
25.6,2,32.0,83,53,Track (Rail/Ballast),36.31
17.0,1,62.8,92,62,Track (Rail/Ballast),16.43
36.0,2,55.5,541,62,S&T (Points/Crossing),43.02
8.9,1,62.6,363,15,S&T (Points/Crossing),23.5
15.3,0,36.8,161,138,Signal,46.05
12.8,2,84.0,313,21,Track (Rail/Ballast),22.53
4.0,2,74.9,656,95,OHE (Overhead Equipment),31.35
36.4,4,25.1,681,28,Signal,66.3
14.4,1,17.7,31,35,OHE (Overhead Equipment),35.34
19.9,2,91.0,174,156,Signal,23.14
12.5,2,50.0,606,83,S&T (Points/Crossing),37.31
23.6,4,52.7,25,195,OHE (Overhead Equipment),51.33
13.2,2,41.7,338,199,OHE (Overhead Equipment),46.35
18.9,3,51.4,585,136,S&T (Points/Crossing),52.39
2.4,1,11.4,391,178,Signal,45.81
20.6,2,81.3,500,28,Signal,39.44
3.3,3,53.3,437,152,S&T (Points/Crossing),30.32
5.3,2,38.2,54,214,Signal,29.51
37.3,3,82.0,58,39,Signal,38.43
5.8,0,44.2,613,56,Track (Rail/Ballast),36.69
39.6,2,88.6,628,117,OHE (Overhead Equipment),54.7
16.0,3,51.3,514,23,Signal,49.12
8.7,1,40.9,458,16,Track (Rail/Ballast),37.48
24.1,1,76.1,421,208,Signal,29.6
24.6,2,16.9,677,86,S&T (Points/Crossing),68.01
37.5,2,62.1,595,111,Track (Rail/Ballast),60.06
32.2,1,10.7,423,202,S&T (Points/Crossing),62.8
7.8,0,24.7,138,160,S&T (Points/Crossing),34.86
8.7,1,26.7,490,71,S&T (Points/Crossing),47.1
8.0,0,26.2,510,183,Track (Rail/Ballast),53.64
30.8,2,30.4,208,158,Signal,62.83
24.0,2,20.8,158,162,S&T (Points/Crossing),49.48
29.9,1,33.9,635,53,S&T (Points/Crossing),58.28
39.4,2,11.2,63,191,Signal,58.8
15.6,0,70.8,378,50,OHE (Overhead Equipment),21.18
39.6,3,57.3,58,189,Track (Rail/Ballast),46.65
39.1,3,83.5,129,157,S&T (Points/Crossing),33.05
26.0,4,92.3,442,85,OHE (Overhead Equipment),35.97
34.2,0,85.8,698,33,Track (Rail/Ballast),31.85
26.8,3,94.2,488,43,S&T (Points/Crossing),26.22
37.2,2,45.7,557,182,Signal,49.87
4.7,1,66.4,698,176,S&T (Points/Crossing),41.98
8.3,2,76.9,87,217,OHE (Overhead Equipment),24.52
21.6,1,49.9,376,84,OHE (Overhead Equipment),38.77
14.6,5,23.3,581,36,Signal,59.55
17.6,1,80.9,81,72,OHE (Overhead Equipment),23.55
25.8,1,35.0,538,160,OHE (Overhead Equipment),49.77
4.4,0,56.2,105,99,S&T (Points/Crossing),25.59
15.1,1,41.4,206,89,Signal,32.73
37.8,2,74.7,558,43,OHE (Overhead Equipment),37.1
5.3,0,11.6,475,151,OHE (Overhead Equipment),38.63
39.7,2,70.4,357,149,S&T (Points/Crossing),49.1
22.5,2,21.7,473,172,Signal,50.82
24.3,3,35.0,437,107,Track (Rail/Ballast),55.92
39.0,1,59.6,688,107,S&T (Points/Crossing),50.76
3.8,3,76.8,417,119,Track (Rail/Ballast),36.87
19.6,2,33.5,299,142,Signal,51.39
24.4,1,26.7,661,197,S&T (Points/Crossing),53.58
5.0,4,81.5,420,47,OHE (Overhead Equipment),27.15
8.6,3,40.3,652,28,OHE (Overhead Equipment),47.22
33.0,2,19.8,570,180,S&T (Points/Crossing),67.49
8.5,7,63.1,467,19,OHE (Overhead Equipment),43.4
30.4,4,82.3,407,62,Track (Rail/Ballast),45.2
9.6,3,48.9,457,110,Track (Rail/Ballast),47.71
25.3,2,93.5,196,131,Signal,29.97
9.5,3,54.9,485,141,Signal,50.8
0.8,4,10.8,403,168,Signal,57.28
39.8,3,32.4,450,86,Track (Rail/Ballast),66.08
20.9,5,65.2,378,193,Signal,39.79
17.7,3,25.5,640,165,Track (Rail/Ballast),57.84
17.3,0,66.6,65,201,OHE (Overhead Equipment),31.89
24.0,0,50.2,391,137,S&T (Points/Crossing),48.52
3.5,2,11.5,354,129,OHE (Overhead Equipment),54.93
29.9,5,31.1,211,106,Signal,42.17
8.3,3,34.6,171,132,Signal,41.12
7.0,1,96.2,451,43,OHE (Overhead Equipment),16.51
24.3,2,33.1,643,161,S&T (Points/Crossing),65.32
17.3,3,44.4,186,42,Signal,32.97
25.2,2,59.3,533,153,Track (Rail/Ballast),48.91
25.7,2,69.8,635,50,Signal,42.52
21.9,0,40.1,461,92,OHE (Overhead Equipment),42.89
27.5,2,81.0,95,173,Signal,33.45
18.3,1,90.6,186,197,Track (Rail/Ballast),24.14
6.1,3,24.8,358,165,OHE (Overhead Equipment),53.56
22.3,2,59.4,36,67,OHE (Overhead Equipment),29.09
38.9,1,60.1,430,208,OHE (Overhead Equipment),60.09
39.4,5,97.2,321,210,Signal,39.95
8.1,4,73.4,555,121,S&T (Points/Crossing),40.38
9.5,3,13.9,328,176,Signal,46.86
31.2,3,23.0,214,174,Signal,49.58
32.4,3,46.0,464,93,Track (Rail/Ballast),45.86
24.7,3,59.3,84,146,Track (Rail/Ballast),27.73
23.6,1,37.5,701,60,S&T (Points/Crossing),50.17
3.7,1,50.0,47,215,Signal,26.96
3.1,1,48.8,59,169,Track (Rail/Ballast),32.37
6.7,2,36.4,301,143,Track (Rail/Ballast),38.12
33.1,1,24.0,531,28,OHE (Overhead Equipment),52.17
26.7,1,24.1,567,186,Track (Rail/Ballast),67.17
7.4,3,83.3,589,165,Signal,48.74
2.9,2,26.2,137,119,Track (Rail/Ballast),49.44
8.9,2,12.7,416,199,Signal,60.22
20.6,2,84.9,459,116,OHE (Overhead Equipment),35.46
5.3,0,78.3,284,101,S&T (Points/Crossing),17.62
34.0,1,43.7,323,71,S&T (Points/Crossing),47.67
11.1,2,67.1,55,143,S&T (Points/Crossing),38.23
18.4,1,75.6,543,38,Track (Rail/Ballast),32.85
0.9,2,33.1,53,208,Track (Rail/Ballast),33.45
35.3,3,49.7,37,163,S&T (Points/Crossing),44.65
9.0,1,16.4,454,130,Track (Rail/Ballast),48.99
1.8,0,42.4,328,147,S&T (Points/Crossing),48.3
28.6,1,51.9,396,30,Signal,44.53
26.9,3,75.1,101,93,S&T (Points/Crossing),32.87
15.6,2,52.9,479,126,Signal,38.84
19.5,4,51.1,580,33,Signal,42.36
20.8,2,34.4,275,140,S&T (Points/Crossing),46.68
24.1,3,80.2,625,93,OHE (Overhead Equipment),33.63
16.5,3,42.1,508,120,Signal,46.57
19.6,2,10.6,432,125,OHE (Overhead Equipment),51.33
18.3,6,57.4,346,163,Track (Rail/Ballast),37.96
35.7,1,65.3,371,194,S&T (Points/Crossing),49.36
35.1,1,20.4,62,215,S&T (Points/Crossing),49.48
30.3,2,54.6,105,40,OHE (Overhead Equipment),44.35
11.8,3,67.0,480,135,Signal,36.54
39.5,4,24.7,119,171,OHE (Overhead Equipment),59.43
4.9,2,99.0,88,102,Signal,23.57
16.5,3,53.8,537,183,Signal,42.64
26.5,1,36.8,399,89,S&T (Points/Crossing),39.91
32.5,3,35.7,463,39,Signal,50.43
26.2,2,79.3,356,153,Track (Rail/Ballast),37.69
18.2,2,65.8,635,174,S&T (Points/Crossing),54.95
6.6,4,48.0,462,203,Track (Rail/Ballast),49.61
21.5,3,63.1,431,82,Signal,48.82
39.9,2,25.0,270,123,S&T (Points/Crossing),63.2
24.1,4,42.7,629,154,OHE (Overhead Equipment),59.01
30.9,1,64.5,52,197,OHE (Overhead Equipment),32.88
33.4,3,41.0,343,78,Track (Rail/Ballast),49.4
19.3,1,39.9,217,133,S&T (Points/Crossing),46.5
31.1,6,90.3,230,149,Track (Rail/Ballast),38.09
11.9,3,51.5,492,131,Track (Rail/Ballast),41.56
39.8,2,30.3,455,176,Track (Rail/Ballast),64.89
37.4,1,44.6,389,33,Signal,49.61
18.6,3,49.9,67,64,Track (Rail/Ballast),31.12
21.5,0,84.3,284,182,S&T (Points/Crossing),31.71
28.9,8,36.5,617,48,Signal,62.73
17.7,3,37.3,220,181,Signal,49.43
10.9,2,88.9,48,65,Track (Rail/Ballast),15.62
16.1,2,63.1,408,80,S&T (Points/Crossing),41.87
14.4,4,70.4,80,119,S&T (Points/Crossing),25.02
4.2,0,49.6,70,194,Signal,32.29
39.2,2,19.5,695,70,S&T (Points/Crossing),65.17
39.6,2,56.2,374,142,S&T (Points/Crossing),48.32
14.6,5,43.4,713,73,S&T (Points/Crossing),48.06
21.2,6,90.0,44,96,Track (Rail/Ballast),20.47
33.1,4,25.0,649,46,Track (Rail/Ballast),54.77
14.6,0,80.9,324,76,Track (Rail/Ballast),36.58
1.5,3,76.2,412,149,Signal,31.38
11.3,3,49.5,226,174,OHE (Overhead Equipment),48.62
